-118.4047874,33.9436438,1577477668000;-118.4030982,33.9438221,1577477671000;-118.4021138,33.9437112,1577477679000;-118.4017683,33.9440426,1577477682000;-118.401672,33.9441411,1577477683000;-118.4015559,33.9442629,1577477684000;-118.4007884,33.9443368,1577477690000;-118.4001899,33.9443944,1577477694000;-118.3986596,33.9443736,1577477704000;-118.3984933,33.9442716,1577477706000;-118.3979006,33.9440966,1577477710000;-118.3974206,33.9440988,1577477714000;-118.396676,33.944383099999996,1577477723000;-118.3965215,33.9444116,1577477724000;-118.3958434,33.9445184,1577477728000;-118.3930422,33.9453344,1577477746000;-118.3910241,33.9453991,1577477758000;-118.3906451,33.9453958,1577477760000;-118.3901031,33.945391,1577477763000;-118.3873711,33.9453898,1577477780000;-118.3872195,33.9453887,1577477780000;-118.3868613,33.9453861,1577477782000;-118.3860704,33.9453819,1577477787000;-118.3856277,33.945385,1577477792000;-118.3851906,33.9453889,1577477794000;-118.3841023,33.9453934,1577477801000;-118.3834243,33.9453962,1577477805000;-118.3821207,33.9454006,1577477812000;-118.3815666,33.9454025,1577477815000;-118.3807006,33.9454023,1577477823000;-118.3799941,33.9454046,1577477827000;-118.3795165,33.9454062,1577477831000;-118.3793468,33.9454068,1577477832000;-118.3787615,33.9454087,1577477836000;-118.3784893,33.9453821,1577477837000;-118.3781969,33.9453394,1577477841000;-118.3779806,33.9453114,1577477842000;-118.3778701,33.9453044,1577477843000;-118.3751357,33.9452992,1577477859000;-118.374951,33.9453005,1577477860000;-118.3746367,33.9452996,1577477864000;-118.3734903,33.9453106,1577477871000;-118.3725171,33.9453139,1577477876000;-118.3716259,33.9453154,1577477882000;-118.3711255,33.9453214,1577477884000;-118.370037,33.9453339,1577477891000;-118.3697458,33.9453377,1577477895000;-118.3694957,33.9453384,1577477896000;-118.3689456,33.9453479,1577477899000;-118.3678956,33.9453613,1577477905000;-118.3678,33.9453625,1577477906000;-118.3672047,33.9453701,1577477909000;-118.3669954,33.9453728,1577477911000;-118.3668467,33.9452576,1577477912000;-118.3674174,33.9444836,1577477918000;-118.3678874,33.944806299999996,1577477922000;-118.3680247,33.945726,1577477927000;-118.3680279,33.9477078,1577477934000;-118.3684877,33.95068,1577477946000;-118.3686653,33.9516971,1577477950000;-118.3688937,33.9525985,1577477953000;-118.3690411,33.958166,1577477975000;-118.3687697,33.9614634,1577477987000;-118.3688141,33.961742,1577477988000;-118.370123,33.9671562,1577478009000;-118.3701219,33.9674948,1577478011000;-118.3701221,33.9679564,1577478012000;-118.370122,33.9678999,1577478012000;-118.3701725,33.9685626,1577478015000;-118.3701703,33.9688489,1577478017000;-118.3701763,33.9692895,1577478019000;-118.3701832,33.9699166,1577478023000;-118.3701789,33.9710326,1577478029000;-118.3701885,33.9723791,1577478037000;-118.3701967,33.9729381,1577478040000;-118.3701889,33.9736503,1577478046000;-118.3702011,33.9743595,1577478050000;-118.3702011,33.9746576,1577478051000;-118.3702011,33.9748219,1577478052000;-118.3702012,33.975003799999996,1577478053000;-118.3702072,33.9754648,1577478056000;-118.3702079,33.9756738,1577478057000;-118.37021,33.975947,1577478059000;-118.3702226,33.9761976,1577478060000;-118.3702355,33.976623000000004,1577478062000;-118.3702348,33.9766784,1577478063000;-118.3702343,33.9767619,1577478063000;-118.3702344,33.9768665,1577478064000;-118.3702363,33.9772494,1577478066000;-118.3702334,33.9773354,1577478068000;-118.370761,33.9773296,1577478076000;-118.3709613,33.9773404,1577478077000;-118.371096,33.9773453,1577478078000;-118.3712959,33.9773471,1577478079000;-118.3715415,33.9773413,1577478081000;-118.3717756,33.9773321,1577478083000;-118.372534,33.9772904,1577478090000;-118.3726621,33.9772834,1577478091000;-118.3727903,33.9772763,1577478092000;-118.3729667,33.9772666,1577478093000;-118.3733729,33.9772442,1577478096000;-118.3733633,33.9770739,1577478101000;-118.3734539,33.9769952,1577478104000;-118.3736924,33.9767875,1577478110000;-118.3739841,33.9765345,1577478114000;-118.3738711,33.9766326,1577478114000;
-118.266328,34.0357421,1577142521000;-118.2676451,34.0363846,1577142524000;-118.2682076,34.0367285,1577142531000;-118.2688522,34.0370094,1577142536000;-118.2694115,34.0372534,1577142542000;-118.2700752,34.0374984,1577142547000;-118.270313,34.0371274,1577142553000;-118.2702441,34.0372349,1577142553000;-118.2707648,34.0364227,1577142559000;-118.2711183,34.0358572,1577142564000;-118.2713887,34.035444,1577142567000;-118.2715136,34.0352409,1577142570000;-118.271503,34.0352582,1577142570000;-118.2717173,34.0349097,1577142573000;-118.2718045,34.034768,1577142574000;-118.2717801,34.0348076,1577142574000;-118.2719231,34.034575,1577142576000;-118.2720528,34.0343642,1577142577000;-118.2723739,34.0338633,1577142583000;-118.2724404,34.0337596,1577142584000;-118.2726611,34.0334154,1577142587000;-118.2729452,34.0329722,1577142590000;-118.2731052,34.032717,1577142593000;-118.2733993,34.0322478,1577142596000;-118.2734905,34.0321166,1577142597000;-118.2735594,34.0320087,1577142598000;-118.2738142,34.0315996,1577142601000;-118.2738295,34.0315751,1577142602000;-118.274087,34.0311813,1577142605000;-118.2740694,34.0312082,1577142605000;-118.2741879,34.031027,1577142606000;-118.2743607,34.0307527,1577142608000;-118.2741731,34.0306686,1577142614000;-118.2736442,34.0304389,1577142619000;-118.2735163,34.0303833,1577142620000;-118.2734523,34.0304805,1577142624000;-118.2732173,34.0308524,1577142630000;
-118.2430842,34.1529455,1575511271000;-118.2430869,34.1530797,1575511272000;-118.2430896,34.1532168,1575511276000;-118.243093,34.1533873,1575511281000;-118.2436439,34.1535359,1575511288000;-118.2434406,34.1538576,1575511299000;-118.2434135,34.1539007,1575511300000;-118.2433464,34.154007,1575511301000;-118.2432896,34.1540969,1575511301000;-118.243213,34.1542183,1575511303000;-118.2431303,34.1543492,1575511304000;-118.2431117,34.1543787,1575511304000;-118.2430321,34.1545047,1575511305000;-118.2428399,34.154809,1575511308000;-118.2427646,34.1549282,1575511309000;-118.2427538,34.1549453,1575511309000;-118.2426268,34.1551417,1575511311000;-118.2425374,34.1552544,1575511314000;-118.2422997,34.1555192,1575511317000;-118.2422588,34.1555758,1575511318000;-118.2419589,34.1560336,1575511322000;-118.2418583,34.156178,1575511323000;-118.2419832,34.1562834,1575511327000;-118.2429665,34.1567203,1575511337000;-118.2433466,34.1568886,1575511340000;-118.2438575,34.1571147,1575511344000;-118.2439923,34.1570372,1575511347000;-118.2441717,34.1567862,1575511351000;-118.2472401,34.1564826,1575511363000;-118.2507499,34.1564621,1575511374000;-118.2585072,34.1564444,1575511398000;-118.260129,34.1566361,1575511406000;-118.2613812,34.1566099,1575511411000;-118.2634706,34.1566533,1575511419000;-118.2643476,34.1566072,1575511422000;-118.2642145,34.1570474,1575511435000;-118.2640984,34.157387,1575511438000;-118.2640479,34.1576797,1575511440000;-118.2640439,34.1578475,1575511441000;-118.2640507,34.1581001,1575511444000;-118.2640527,34.1582807,1575511445000;-118.2640601,34.1584517,1575511446000;-118.2640624,34.1586384,1575511448000;-118.2640648,34.1588318,1575511450000;-118.2637246,34.1584521,1575511464000;
-118.396973,34.0622281,1577662269000;-118.3969783,34.0598605,1577662298000;-118.3969791,34.059511,1577662303000;-118.3969794,34.059388,1577662305000;-118.3969797,34.059256,1577662306000;-118.3969805,34.0589023,1577662311000;-118.3969815,34.0584494,1577662317000;-118.3969826,34.0579963,1577662323000;-118.397228,34.0578268,1577662327000;-118.39706580000001,34.0576135,1577662332000;-118.3966777,34.0570897,1577662337000;-118.396471,34.0568044,1577662340000;-118.3961871,34.0564165,1577662343000;-118.3959982,34.0561705,1577662346000;-118.3958136,34.0558695,1577662348000;-118.3957732,34.0558005,1577662349000;-118.3956794,34.0556338,1577662351000;-118.3961484,34.0552458,1577662354000;-118.3964535,34.055245,1577662356000;-118.3968844,34.0552409,1577662358000;-118.3971282,34.0552254,1577662360000;-118.3973269,34.0552135,1577662361000;-118.3975387,34.0552008,1577662362000;-118.3979968,34.0551512,1577662365000;-118.3982749,34.0551088,1577662367000;-118.39848309999999,34.0550757,1577662368000;-118.3984523,34.0550817,1577662368000;-118.3990762,34.0549624,1577662372000;-118.3994884,34.0548588,1577662376000;-118.3999834,34.0547073,1577662379000;-118.4003445,34.0545875,1577662382000;-118.4006036,34.0545015,1577662383000;-118.4006983,34.0544701,1577662384000;-118.4010132,34.0543634,1577662386000;-118.4012175,34.0542908,1577662387000;-118.4015129,34.0541944,1577662389000;-118.4017024,34.0541298,1577662390000;-118.4016618,34.0541438,1577662390000;-118.4021982,34.0539587,1577662394000;-118.4024956,34.0538602,1577662398000;-118.4026793,34.0537994,1577662399000;-118.4029263,34.0537195,1577662400000;-118.4031196,34.0536547,1577662402000;-118.4040407,34.0533492,1577662407000;-118.4050033,34.0530175,1577662416000;-118.4057029,34.0527791,1577662420000;-118.406299,34.0525274,1577662424000;-118.4076559,34.0517341,1577662436000;-118.407933,34.0515743,1577662438000;-118.4078657,34.0516131,1577662438000;-118.4081353,34.0514566,1577662440000;-118.4084696,34.0512739,1577662442000;-118.4086473,34.0511743,1577662445000;-118.4094394,34.0507168,1577662453000;-118.4095862,34.050632,1577662454000;-118.40972,34.0505585,1577662455000;-118.4106635,34.0500057,1577662462000;-118.4122156,34.0491071,1577662475000;-118.4131064,34.0485929,1577662482000;-118.4148176,34.0476114,1577662494000;-118.4152993,34.0473351,1577662497000;-118.4158617,34.047016,1577662504000;-118.4165159,34.0466448,1577662508000;-118.4170831,34.046323,1577662512000;-118.4177718,34.0459203,1577662519000;-118.4182074,34.0456668,1577662522000;-118.418469,34.0455146,1577662524000;-118.418935,34.0452431,1577662528000;-118.4190586,34.0451691,1577662531000;-118.4194153,34.0449626,1577662535000;-118.4199232,34.0446703,1577662539000;-118.4199036,34.0446815,1577662539000;-118.4206697,34.0442414,1577662544000;-118.4208999,34.0441059,1577662546000;-118.4210928,34.0439932,1577662547000;-118.4216187,34.0436965,1577662553000;-118.4219906,34.0434837,1577662556000;-118.4221682,34.0433834,1577662557000;-118.422322,34.0432966,1577662558000;-118.4224632,34.0432146,1577662559000;-118.422418,34.0432408,1577662559000;-118.4228836,34.0429703,1577662562000;-118.4229947,34.0429032,1577662565000;-118.4231245,34.0428262,1577662566000;-118.4237689,34.0424404,1577662567000;-118.4231955,34.0427829,1577662567000;
-118.4469515,33.9963181,1575849865000;-118.4461349,33.9952393,1575849874000;-118.4453583,33.9942247,1575849890000;-118.4459334,33.9940666,1575849902000;-118.4464767,33.9939148,1575849907000;-118.4470082,33.993775,1575849912000;-118.4475548,33.9936281,1575849916000;-118.4480874,33.9934873,1575849921000;-118.4484754,33.9933846,1575849926000;-118.4486337,33.9933653,1575849927000;-118.448748,33.9933026,1575849929000;-118.4490332,33.9930235,1575849934000;-118.4491359,33.9928398,1575849937000;-118.4493229,33.9925518,1575849941000;-118.4494641,33.9923427,1575849944000;-118.4491432,33.9920494,1575849948000;-118.4486769,33.9915156,1575849953000;-118.4484667,33.9912544,1575849955000;-118.4482929,33.9910385,1575849957000;-118.4481745,33.9908919,1575849958000;-118.4481194,33.9908194,1575849959000;-118.4478247,33.9904517,1575849962000;-118.4475958,33.9902329,1575849966000;-118.4468484,33.9895066,1575849973000;-118.4468183,33.9894736,1575849973000;-118.4467062,33.9893503,1575849974000;-118.4465406,33.9891683,1575849976000;-118.4464565,33.9890759,1575849977000;-118.4464323,33.9890493,1575849977000;-118.4461115,33.9886966,1575849980000;-118.4460102,33.9885852,1575849981000;-118.4457438,33.9882924,1575849984000;-118.4455698,33.9881012,1575849985000;-118.4450344,33.9875203,1575849992000;-118.444747,33.9872105,1575849995000;-118.4446475,33.9871034,1575849996000;-118.4445493,33.9869975,1575849997000;-118.4442323,33.9866542,1575850000000;-118.4440848,33.9864647,1575850002000;-118.4439743,33.9863224,1575850003000;-118.4437733,33.9860561,1575850005000;-118.443475,33.9856608,1575850009000;-118.4433511,33.9854809,1575850012000;-118.4432289,33.9853034,1575850013000;-118.4432058,33.9852698,1575850014000;-118.4429612,33.9848806,1575850017000;-118.4427124,33.9845708,1575850020000;-118.4426934,33.9845468,1575850022000;-118.4424894,33.9842825,1575850024000;-118.4421472,33.9838239,1575850027000;-118.4416975,33.9832266,1575850032000;-118.4415276,33.983003599999996,1575850033000;-118.4410529,33.9824242,1575850038000;-118.4409691,33.9823309,1575850040000;-118.4408582,33.9822033,1575850041000;-118.4407877,33.9821224,1575850042000;-118.440287,33.9815946,1575850046000;-118.4398931,33.9812005,1575850049000;-118.4391682,33.9804952,1575850055000;-118.4390777,33.9804081,1575850058000;-118.438137,33.9796019,1575850067000;-118.4373468,33.9789887,1575850073000;-118.4372716,33.9789338,1575850073000;-118.4365838,33.9784921,1575850078000;-118.4360135,33.9781127,1575850084000;-118.435995,33.9781004,1575850084000;-118.435829,33.9779881,1575850085000;-118.4330984,33.9760408,1575850106000;-118.4329504,33.9758902,1575850108000;-118.4327546,33.9756728,1575850110000;-118.4325503,33.9754194,1575850112000;-118.4320311,33.9746198,1575850118000;-118.4319866,33.9745526,1575850119000;-118.4319567,33.9745071,1575850119000;-118.4313356,33.9736064,1575850127000;-118.4307792,33.9728693,1575850133000;-118.430737,33.9728114,1575850133000;-118.4303069,33.9721189,1575850139000;-118.4303296,33.9719746,1575850142000;-118.4279582,33.9681262,1575850174000;-118.4276745,33.9676216,1575850178000;-118.4276091,33.9675186,1575850181000;-118.4269551,33.9665116,1575850191000;-118.4257358,33.9656767,1575850201000;-118.4254565,33.9655686,1575850202000;-118.4248134,33.9653868,1575850206000;-118.4231319,33.964393,1575850218000;-118.4221676,33.963247,1575850226000;-118.4221268,33.9631989,1575850226000;-118.4219529,33.9629909,1575850228000;-118.4217381,33.962733899999996,1575850230000;-118.4214142,33.9623152,1575850235000;-118.4210167,33.9618566,1575850239000;-118.4207598,33.9615573,1575850242000;-118.4203131,33.961011,1575850248000;-118.4200115,33.9606555,1575850251000;-118.4198557,33.9604791,1575850253000;-118.4197016,33.9603029,1575850254000;-118.4196379,33.96023,1575850255000;-118.4193243,33.9598446,1575850258000;-118.419251,33.9597347,1575850261000;-118.4186968,33.9590791,1575850267000;-118.4181005,33.9585165,1575850271000;-118.417384,33.957841,1575850276000;-118.4165162,33.9569796,1575850286000;-118.4162865,33.9567526,1575850288000;-118.41605,33.9565192,1575850290000;-118.4155226,33.9559993,1575850296000;-118.4153842,33.9558613,1575850297000;-118.4152403,33.9557178,1575850298000;-118.4136189,33.9542984,1575850309000;-118.4130503,33.9539776,1575850312000;-118.4122987,33.9536399,1575850316000;-118.4084139,33.9531475,1575850334000;-118.3978165,33.9529989,1575850382000;-118.3964427,33.9517039,1575850392000;-118.396322,33.951174,1575850397000;-118.3963047,33.9492532,1575850408000;-118.39630819999999,33.948956,1575850409000;-118.3965663,33.9486744,1575850411000;-118.3970194,33.948645,1575850414000;-118.3971453,33.9486395,1575850415000;-118.3974936,33.9486231,1575850418000;-118.3981245,33.948604,1575850422000;-118.3982356,33.9486018,1575850423000;-118.3981742,33.94896,1575850426000;-118.3979066,33.9490213,1575850428000;-118.3968889,33.9492711,1575850435000;-118.396431,33.949361,1575850438000;-118.3959711,33.9494607,1575850442000;-118.3943748,33.9495858,1575850453000;-118.3939378,33.9488464,1575850460000;-118.3939466,33.947994,1575850468000;
-118.223995,34.0257046,1577807658000;-118.224729,34.0300513,1577807777000;-118.2249129,34.0307823,1577807807000;-118.224978,34.0305918,1577807818000;-118.2249596,34.0305116,1577807819000;-118.2250835,34.0300428,1577807831000;-118.225206,34.0306106,1577807844000;
-118.2623131,34.0440904,1576519188000;-118.2627982,34.0443856,1576519190000;-118.2634065,34.0447357,1576519196000;-118.2633674,34.0447144,1576519196000;-118.2639388,34.0449911,1576519200000;-118.2644762,34.0450999,1576519205000;-118.264947,34.045194,1576519208000;-118.2651432,34.0452332,1576519209000;-118.2653413,34.045279,1576519210000;-118.2657625,34.0454005,1576519213000;-118.2661769,34.0455646,1576519218000;-118.2662978,34.045622,1576519219000;-118.2668788,34.0458821,1576519223000;-118.2670105,34.0459423,1576519225000;-118.2671326,34.0459981,1576519226000;-118.2673723,34.0461076,1576519228000;-118.267764,34.0462866,1576519231000;-118.2680271,34.0464065,1576519232000;-118.2681931,34.0464821,1576519233000;-118.2689817,34.04684,1576519239000;-118.2692553,34.0469666,1576519241000;-118.2700465,34.0473244,1576519246000;-118.2703087,34.0470224,1576519252000;-118.2703933,34.0468876,1576519253000;-118.2705971,34.0465629,1576519255000;-118.2707451,34.0463272,1576519258000;-118.2707927,34.0462553,1576519260000;-118.2710458,34.0458726,1576519264000;-118.271515,34.0450459,1576519270000;-118.2719189,34.0446237,1576519274000;-118.2723252,34.0441999,1576519277000;-118.2730194,34.0432309,1576519282000;-118.2730015,34.0432566,1576519282000;-118.2732646,34.0428569,1576519284000;-118.2739376,34.041487,1576519291000;-118.2740181,34.0404124,1576519296000;-118.2740954,34.0395376,1576519300000;-118.2743532,34.0379231,1576519308000;-118.2743759,34.0377297,1576519309000;-118.2744356,34.0370151,1576519313000;-118.2746132,34.0358809,1576519318000;-118.2747337,34.0352656,1576519321000;-118.274775,34.0349564,1576519323000;-118.2748544,34.0342972,1576519326000;-118.2746045,34.0311617,1576519341000;-118.2776839,34.0222442,1576519384000;-118.2782294,34.0213013,1576519388000;-118.2783765,34.0210707,1576519389000;-118.2799888,34.0186018,1576519400000;-118.2802368,34.0181757,1576519402000;-118.2805692,34.01747,1576519405000;-118.281243,34.0146495,1576519416000;-118.281268,34.0140773,1576519418000;-118.2812725,34.0137527,1576519420000;-118.2812878,34.0112328,1576519429000;-118.2812863,34.0108231,1576519431000;-118.2812851,34.0109392,1576519431000;-118.281252,34.0076416,1576519443000;-118.281257,34.0069908,1576519446000;-118.2812689,34.0035972,1576519459000;-118.2810879,34.000424,1576519471000;-118.2810321,33.9998207,1576519473000;-118.2807789,33.9919941,1576519503000;-118.2808339,33.9894441,1576519513000;-118.2808207,33.988926,1576519515000;-118.280757,33.9860792,1576519526000;-118.2807498,33.9859017,1576519527000;-118.2807323,33.985166,1576519530000;-118.2808224,33.9824995,1576519542000;-118.2808477,33.9822583,1576519543000;-118.2810153,33.9790857,1576519557000;-118.2810168,33.9789131,1576519558000;-118.281017,33.9785075,1576519560000;-118.2810226,33.9748082,1576519577000;-118.2810177,33.9745243,1576519578000;-118.281024,33.9742363,1576519579000;-118.281026,33.9710902,1576519593000;-118.2810264,33.9708842,1576519594000;-118.2810258,33.9707085,1576519595000;-118.281024,33.9679984,1576519607000;-118.2810259,33.9677622,1576519609000;-118.2810236,33.9665391,1576519614000;-118.2810599,33.9642552,1576519624000;-118.2810632,33.9640823,1576519625000;-118.2810725,33.9634255,1576519628000;-118.2816155,33.9615819,1576519637000;-118.2820627,33.96104,1576519640000;-118.2820064,33.9601126,1576519645000;-118.281955,33.9600276,1576519647000;-118.2817285,33.960029,1576519651000;-118.2813871,33.9600312,1576519653000;-118.2812742,33.9600319,1576519654000;-118.2803831,33.960036099999996,1576519659000;-118.2802083,33.9600363,1576519660000;-118.2796468,33.9600368,1576519663000;-118.2803714,33.9592867,1576519679000;-118.2804567,33.959861599999996,1576519682000;-118.2805294,33.9603138,1576519684000;-118.2805868,33.9640768,1576519701000;-118.2805908,33.9642526,1576519702000;-118.2806269,33.9668914,1576519714000;-118.2806233,33.9677614,1576519718000;-118.2806239,33.9679982,1576519719000;-118.2806179,33.9698887,1576519727000;-118.28062,33.9707119,1576519731000;-118.2806183,33.9708843,1576519732000;-118.2806213,33.9725385,1576519739000;-118.2807626,33.9733014,1576519743000;-118.2807613,33.9745259,1576519748000;-118.2807626,33.974811700000004,1576519750000;-118.2807493,33.978909,1576519768000;-118.2807504,33.9790875,1576519769000;-118.2805818,33.9822614,1576519783000;-118.2805585,33.9825,1576519784000;-118.2804154,33.985173599999996,1576519796000;-118.2803953,33.9859067,1576519800000;-118.2803958,33.986081999999996,1576519801000;-118.2803477,33.9889275,1576519813000;-118.2803471,33.9894425,1576519816000;-118.2803532,33.9903542,1576519820000;-118.2804335,33.9920631,1576519827000;-118.2809766,34.0090338,1576519904000;-118.2809589,34.0104848,1576519910000;-118.2809269,34.0109409,1576519913000;-118.280906,34.011239,1576519914000;-118.2808343,34.0131426,1576519922000;-118.2808249,34.0135396,1576519924000;-118.2808103,34.0139228,1576519926000;-118.2807827,34.0144362,1576519928000;-118.2801305,34.0172709,1576519940000;
-118.2594514,34.0043188,1576492896000;-118.2595082,34.0040436,1576492901000;-118.259515,34.0039108,1576492903000;-118.2604132,34.0039066,1576492914000;-118.2608848,34.0039044,1576492917000;-118.2613159,34.0039031,1576492922000;-118.2621731,34.0039004,1576492928000;-118.2624385,34.0038996,1576492930000;-118.2629866,34.003898,1576492933000;-118.2632942,34.0038977,1576492935000;-118.2639782,34.003895,1576492940000;-118.2646235,34.003893,1576492944000;-118.2646125,34.003893,1576492944000;-118.2647555,34.0038926,1576492945000;-118.2652267,34.0038912,1576492948000;-118.2652286,34.004107,1576492957000;-118.2652301,34.0042775,1576492959000;-118.2652344,34.0047771,1576492963000;-118.2652432,34.0052363,1576492966000;-118.2652519,34.005694,1576492970000;-118.2652528,34.0061455,1576492974000;-118.2652538,34.0066047,1576492977000;-118.2652527,34.0075369,1576492987000;-118.2652611,34.0081767,1576492992000;-118.2652603,34.0091824,1576493000000;-118.2652519,34.0102209,1576493010000;-118.2652504,34.0106733,1576493014000;-118.2652492,34.0110547,1576493017000;-118.2652536,34.0114135,1576493022000;-118.2652562,34.0115981,1576493023000;-118.2652609,34.0119572,1576493026000;-118.265265,34.0126493,1576493032000;-118.2652656,34.0127642,1576493033000;-118.2652628,34.0130782,1576493035000;-118.265261,34.0132846,1576493037000;-118.2652583,34.0135865,1576493040000;-118.2652547,34.0137493,1576493041000;-118.2652554,34.0143047,1576493045000;-118.2652587,34.0145075,1576493047000;-118.2652613,34.0146676,1576493048000;-118.265266,34.0149594,1576493051000;-118.2652715,34.0153534,1576493054000;-118.2657871,34.0155827,1576493060000;-118.2658922,34.0156283,1576493061000;-118.2665226,34.0159098,1576493066000;-118.2669589,34.0161038,1576493069000;-118.2672391,34.0162284,1576493071000;-118.2675234,34.0163548,1576493075000;-118.2674296,34.0163131,1576493075000;-118.2676876,34.0164278,1576493076000;-118.267891,34.0165183,1576493078000;-118.2681507,34.0166338,1576493080000;-118.2682709,34.0166872,1576493081000;-118.2684535,34.0167684,1576493082000;-118.2687138,34.0168842,1576493084000;-118.2690627,34.0170394,1576493087000;-118.2694333,34.0172042,1576493090000;-118.2698815,34.0174063,1576493093000;-118.2701798,34.0175411,1576493095000;-118.2709629,34.017894,1576493101000;-118.2708889,34.0178606,1576493101000;-118.271193,34.0179978,1576493103000;-118.2720695,34.0183931,1576493110000;-118.272646,34.0186531,1576493114000;-118.2732192,34.0189084,1576493120000;-118.2731465,34.0188761,1576493120000;-118.2733498,34.0189666,1576493121000;-118.2737797,34.0191581,1576493125000;-118.2742391,34.0193657,1576493130000;-118.2743996,34.0194382,1576493131000;-118.2742821,34.0193851,1576493131000;-118.2744647,34.0194676,1576493132000;-118.2748989,34.0196638,1576493135000;-118.275239,34.0198166,1576493140000;-118.2755021,34.0199348,1576493142000;-118.2756805,34.020015,1576493143000;-118.2761955,34.0202463,1576493147000;-118.2768606,34.0205401,1576493154000;-118.2770522,34.0206247,1576493156000;-118.277558,34.0208481,1576493159000;-118.2776687,34.0208945,1576493162000;-118.2787529,34.0213554,1576493170000;-118.2791368,34.0215194,1576493175000;-118.279522,34.0216907,1576493178000;-118.2796729,34.0217578,1576493179000;-118.2800026,34.0219044,1576493182000;-118.2796182,34.0224988,1576493194000;-118.2795465,34.0226036,1576493195000;-118.279291,34.023003,1576493199000;-118.2791989,34.0231557,1576493200000;-118.2791328,34.0232639,1576493201000;-118.2789765,34.0235169,1576493204000;-118.2786117,34.0240958,1576493211000;-118.2785786,34.0241479,1576493211000;-118.2784347,34.0243756,1576493214000;-118.2783328,34.024536,1576493215000;-118.2782923,34.0246,1576493216000;-118.2781728,34.0247932,1576493217000;-118.2781399,34.0248463,1576493218000;-118.2780079,34.0250489,1576493220000;-118.2778937,34.0252259,1576493223000;-118.2778169,34.0253449,1576493224000;-118.2777052,34.025518,1576493226000;-118.277622,34.0256572,1576493227000;-118.2775312,34.0257995,1576493229000;-118.2773482,34.0260891,1576493233000;-118.2771646,34.0263786,1576493238000;-118.277116,34.0264503,1576493239000;-118.2770464,34.0265529,1576493239000;-118.2770329,34.0265746,1576493240000;-118.2768562,34.0268526,1576493242000;-118.2766951,34.0271042,1576493245000;-118.2772027,34.0273296,1576493254000;-118.2772393,34.0273456,1576493255000;-118.2773666,34.0274021,1576493257000;-118.2774544,34.027441,1576493258000;-118.2775072,34.0274644,1576493259000;-118.2774526,34.0275374,1576493266000;-118.2773872,34.0276231,1576493268000;-118.277645,34.027745,1576493273000;
-118.5837369,34.2748107,1575849757000;-118.5814603,34.2749715,1575849758000;-118.5814318,34.2748436,1575849766000;-118.5813901,34.2747935,1575849767000;-118.5811113,34.2744303,1575849772000;-118.5809503,34.2745033,1575849775000;-118.5796218,34.2748147,1575849781000;-118.5787623,34.2747635,1575849786000;-118.57793,34.2746671,1575849793000;-118.576788,34.2745325,1575849800000;-118.575715,34.2745427,1575849806000;-118.5726023,34.2750732,1575849827000;-118.571652,34.275248,1575849832000;-118.57116,34.2753242,1575849835000;-118.5709787,34.2753508,1575849836000;-118.5702163,34.2754698,1575849841000;-118.5700522,34.2746595,1575849855000;-118.569818,34.2739972,1575849861000;-118.5697814,34.2738175,1575849864000;-118.5696279,34.2731048,1575849870000;-118.5695799,34.2728885,1575849872000;-118.5692035,34.2729215,1575849877000;-118.5680636,34.2730127,1575849882000;-118.565802,34.2731452,1575849892000;-118.5606798,34.2727201,1575849911000;-118.5577936,34.2724184,1575849922000;-118.5569251,34.2723328,1575849925000;-118.5519499,34.272567,1575849944000;-118.5404363,34.2744217,1575849988000;-118.5387491,34.2745374,1575849994000;-118.5348006,34.2754089,1575850010000;-118.5320346,34.2764667,1575850019000;-118.5083063,34.2778368,1575850095000;-118.5063876,34.2778787,1575850102000;-118.5029749,34.2779787,1575850112000;-118.500367,34.2778692,1575850121000;-118.4960664,34.2765083,1575850135000;-118.494947,34.2758516,1575850140000;-118.49367,34.2748568,1575850145000;-118.4932081,34.2744967,1575850147000;-118.4906293,34.2723801,1575850158000;-118.4898077,34.2717097,1575850162000;-118.4886653,34.2707404,1575850167000;-118.4881012,34.2702939,1575850170000;-118.4875053,34.2698521,1575850172000;-118.4867562,34.2692187,1575850176000;-118.4850067,34.2678383,1575850183000;-118.4834185,34.2669092,1575850191000;-118.479672,34.2659743,1575850205000;-118.4730616,34.2658861,1575850230000;-118.4704383,34.2656322,1575850240000;-118.4698326,34.2654762,1575850243000;-118.4690494,34.2653831,1575850246000;-118.4674454,34.2654722,1575850252000;-118.467444,34.2653004,1575850261000;-118.467203,34.2645535,1575850265000;-118.4669542,34.2645543,1575850269000;-118.4667369,34.264555,1575850270000;-118.4667042,34.2645551,1575850270000;-118.4664753,34.2645539,1575850272000;-118.4661756,34.2645521,1575850274000;-118.465751,34.2645495,1575850277000;-118.4651375,34.2645458,1575850281000;-118.4637034,34.2645346,1575850291000;-118.4631474,34.2645299,1575850295000;-118.4622817,34.2645226,1575850300000;-118.462256,34.2645231,1575850301000;-118.4612333,34.2646645,1575850308000;-118.4606036,34.2644927,1575850318000;-118.4595063,34.2644941,1575850325000;-118.4591435,34.2644945,1575850328000;-118.4586044,34.2644986,1575850331000;-118.4582251,34.2645027,1575850334000;-118.4558265,34.2644872,1575850348000;-118.455059,34.2644816,1575850353000;-118.4534354,34.2644662,1575850364000;-118.4534471,34.2639949,1575850376000;-118.4535734,34.2636421,1575850381000;-118.4536275,34.2635091,1575850383000;-118.4542369,34.26358,1575850388000;
-118.5677822,34.1730217,1577401864000;-118.5707573,34.1723707,1577401866000;-118.5711197,34.1722525,1577401867000;-118.5743013,34.1711152,1577401878000;-118.5835135,34.1681572,1577401909000;-118.5860378,34.1681988,1577401917000;-118.5868287,34.168284,1577401920000;-118.5881816,34.1684363,1577401926000;-118.5880421,34.16841,1577401926000;-118.5881743,34.1676674,1577401937000;-118.5878071,34.1676493,1577401942000;-118.5865796,34.1676406,1577401946000;-118.5832986,34.16804,1577401957000;-118.574433,34.1708461,1577401987000;-118.5711156,34.1720762,1577401998000;-118.5707474,34.1722046,1577402000000;-118.5678592,34.1728402,1577402009000;-118.5623632,34.1733403,1577402027000;-118.5620523,34.1733663,1577402028000;-118.557139,34.1735423,1577402043000;-118.5536669,34.1734861,1577402054000;-118.5532995,34.1734807,1577402055000;-118.548174,34.1733886,1577402071000;-118.5448962,34.173337,1577402082000;-118.5445794,34.1733306,1577402083000;-118.5404595,34.1732612,1577402096000;-118.5361937,34.1731689,1577402110000;-118.5358161,34.1731263,1577402111000;-118.5325202,34.1720682,1577402122000;-118.532194,34.1719191,1577402123000;-118.5291614,34.1711423,1577402133000;-118.5274551,34.1711078,1577402139000;-118.5271266,34.1711079,1577402140000;-118.5220261,34.1711175,1577402156000;-118.5187465,34.1711071,1577402166000;-118.5183514,34.1711053,1577402167000;-118.5155111,34.1711183,1577402176000;-118.5045332,34.1710954,1577402211000;-118.5025868,34.1706498,1577402219000;-118.5022416,34.1705227,1577402221000;-118.5011136,34.1700253,1577402226000;-118.5011152,34.1709278,1577402239000;-118.5010426,34.1711473,1577402243000;-118.5010402,34.1713843,1577402245000;-118.5010375,34.1722361,1577402251000;-118.5011858,34.1722363,1577402256000;-118.5012761,34.1722364,1577402259000;-118.5023835,34.1722364,1577402265000;-118.5025999,34.1722381,1577402266000;-118.5027236,34.1722391,1577402267000;-118.5040282,34.172244,1577402275000;-118.5054787,34.1722499,1577402281000;-118.5049955,34.172247,1577402281000;
-118.460475,34.0704024,1577235766000;-118.459695,34.0727491,1577235788000;-118.4585059,34.0735817,1577235808000;-118.4583397,34.0743826,1577235819000;-118.4577301,34.0743075,1577235829000;-118.4576648,34.0743157,1577235830000;-118.4566705,34.0748819,1577235837000;-118.4565824,34.0749525,1577235838000;-118.4563436,34.075143,1577235840000;-118.45601,34.0754237,1577235842000;-118.4555702,34.0758023,1577235846000;-118.4546815,34.0765467,1577235856000;-118.4520412,34.0763505,1577235876000;-118.4507704,34.0757475,1577235884000;-118.4502327,34.075386,1577235889000;-118.4501493,34.0753106,1577235889000;-118.4499498,34.0750648,1577235891000;-118.4476693,34.0735314,1577235911000;-118.4453345,34.0737486,1577235925000;-118.4452211,34.0738278,1577235928000;-118.4450804,34.0739734,1577235932000;-118.4446874,34.0754351,1577235942000;-118.44467,34.0755179,1577235943000;-118.4446562,34.0755837,1577235943000;-118.4446494,34.0756275,1577235944000;-118.44433,34.0766463,1577235951000;-118.4439291,34.0769488,1577235957000;-118.4436127,34.0770916,1577235959000;-118.4432746,34.077239,1577235961000;-118.4428324,34.0774179,1577235964000;-118.4421815,34.0774727,1577235970000;-118.4411425,34.0774758,1577235976000;-118.4407625,34.0775268,1577235978000;-118.4394399,34.0782515,1577235988000;-118.437766,34.0794075,1577236003000;-118.4373089,34.0797794,1577236007000;-118.4361545,34.0804421,1577236015000;-118.4357712,34.0805612,1577236017000;-118.4353813,34.080781,1577236020000;-118.4352876,34.0808972,1577236023000;-118.4351644,34.0810833,1577236025000;-118.43508,34.0813851,1577236027000;-118.4350595,34.0814893,1577236028000;-118.4349715,34.081958,1577236031000;-118.4349592,34.0820129,1577236032000;-118.4347535,34.0824459,1577236035000;-118.4344854,34.0826414,1577236039000;-118.4327213,34.0826121,1577236050000;-118.4306106,34.080562,1577236070000;-118.4298445,34.0793232,1577236081000;-118.4291339,34.0792242,1577236085000;-118.4282256,34.0798391,1577236092000;-118.4277608,34.080508,1577236098000;-118.4262077,34.0808299,1577236108000;-118.4257468,34.0808612,1577236110000;-118.4256169,34.0816782,1577236123000;-118.4259085,34.0819402,1577236127000;-118.4281609,34.0839611,1577236161000;-118.4293501,34.0860365,1577236186000;
-118.5907202,34.1678747,1576106614000;-118.5908312,34.1666483,1576106617000;-118.5922008,34.1668147,1576106631000;-118.5927913,34.1669358,1576106634000;-118.5931222,34.1670036,1576106638000;-118.5936449,34.1671057,1576106642000;-118.5938314,34.1671412,1576106643000;-118.5940717,34.1671889,1576106644000;-118.5945754,34.167288,1576106647000;-118.5956103,34.1674968,1576106654000;-118.5962334,34.16762,1576106657000;-118.5967127,34.1677105,1576106660000;-118.5967538,34.1677183,1576106661000;-118.5969777,34.1677609,1576106662000;-118.5969179,34.1677493,1576106662000;-118.5971249,34.1677892,1576106663000;-118.5974393,34.1678549,1576106665000;-118.5982571,34.1680159,1576106672000;-118.5984201,34.16805,1576106673000;-118.5989763,34.1681516,1576106676000;-118.599522,34.1682213,1576106679000;-118.5997548,34.1682386,1576106681000;-118.6000633,34.1682631,1576106683000;-118.6007105,34.1683026,1576106687000;-118.6008498,34.1683112,1576106688000;-118.6010091,34.1683218,1576106689000;-118.601251,34.1683398,1576106690000;-118.6018447,34.1683774,1576106693000;-118.6019262,34.1683817,1576106694000;-118.6021195,34.1683944,1576106695000;-118.602381,34.168409,1576106697000;-118.6028088,34.1684226,1576106699000;-118.6031564,34.1684326,1576106701000;-118.6033464,34.1684388,1576106703000;-118.6038017,34.1684544,1576106705000;-118.6041536,34.1684613,1576106709000;-118.6044737,34.1684735,1576106711000;-118.6049304,34.1684845,1576106714000;-118.6050918,34.1684884,1576106715000;-118.6057618,34.1685102,1576106719000;-118.6057634,34.1690266,1576106729000;-118.6057664,34.1693868,1576106731000;-118.605764,34.1696818,1576106733000;-118.6057417,34.1699942,1576106737000;-118.6057358,34.1712452,1576106745000;-118.6058155,34.1719714,1576106750000;-118.6061574,34.1719726,1576106754000;-118.6063954,34.1719729,1576106756000;-118.6065834,34.1719715,1576106757000;-118.606957,34.171972,1576106759000;-118.60707,34.1719731,1576106760000;-118.6070387,34.1717567,1576106764000;
-118.4392208,33.9807896,1577472032000;-118.4394097,33.9809718,1577472033000;-118.4396901,33.9812503,1577472035000;-118.4401842,33.9817438,1577472039000;-118.44023490000001,33.981792,1577472040000;-118.4406901,33.9822919,1577472043000;-118.4408864,33.9825154,1577472045000;-118.4410529,33.9824242,1577472051000;-118.4409691,33.9823309,1577472056000;-118.4408582,33.9822033,1577472057000;-118.4407877,33.9821224,1577472057000;-118.440287,33.9815946,1577472062000;-118.4398931,33.9812005,1577472065000;-118.4391682,33.9804952,1577472071000;-118.4390777,33.9804081,1577472073000;-118.438137,33.9796019,1577472082000;-118.4373468,33.9789887,1577472088000;-118.4372716,33.9789338,1577472089000;-118.4365838,33.9784921,1577472093000;-118.4360135,33.9781127,1577472099000;-118.435995,33.9781004,1577472100000;-118.435829,33.9779881,1577472101000;-118.4330984,33.9760408,1577472122000;-118.4329504,33.9758902,1577472123000;-118.4327546,33.9756728,1577472125000;-118.4325503,33.9754194,1577472127000;-118.4320311,33.9746198,1577472134000;-118.4319866,33.9745526,1577472134000;-118.4319567,33.9745071,1577472135000;-118.4313356,33.9736064,1577472142000;-118.4307792,33.9728693,1577472148000;-118.430737,33.9728114,1577472149000;-118.4303069,33.9721189,1577472154000;-118.4303296,33.9719746,1577472157000;-118.4279582,33.9681262,1577472190000;-118.4276745,33.9676216,1577472194000;-118.4276091,33.9675186,1577472197000;-118.4269551,33.9665116,1577472207000;-118.4257358,33.9656767,1577472216000;-118.4254565,33.9655686,1577472218000;-118.4248134,33.9653868,1577472222000;-118.4231319,33.964393,1577472233000;-118.4233384,33.9647874,1577472242000;-118.4240214,33.9652921,1577472247000;-118.4247317,33.9655509,1577472250000;-118.4270893,33.967097,1577472271000;-118.4274128,33.9676049,1577472275000;-118.4274759,33.9677113,1577472277000;-118.4297662,33.9714154,1577472287000;
-118.5928284,34.1948773,1576479705000;-118.5928304,34.1945023,1576479711000;-118.5928193,34.1937751,1576479723000;-118.5923428,34.1937789,1576479730000;-118.5918638,34.19378,1576479733000;-118.591644,34.1937783,1576479735000;-118.5910475,34.1937779,1576479739000;-118.5906099,34.1937787,1576479742000;-118.5903821,34.1937778,1576479743000;-118.590306,34.1937775,1576479744000;-118.5901372,34.1937788,1576479745000;-118.5899467,34.1937802,1576479746000;-118.5894643,34.1937839,1576479749000;-118.5892302,34.1937857,1576479751000;-118.5891592,34.1937862,1576479752000;-118.5890628,34.1937863,1576479752000;-118.5884543,34.1937881,1576479756000;-118.5884513,34.1941723,1576479763000;-118.5884511,34.1943344,1576479765000;-118.5884514,34.1944709,1576479766000;-118.5884571,34.1947001,1576479768000;-118.58846080000001,34.1948871,1576479769000;-118.5884633,34.1950575,1576479771000;-118.5884655,34.1952773,1576479772000;-118.5884667,34.1954839,1576479774000;-118.5884678,34.1956159,1576479775000;-118.5884689,34.1961285,1576479779000;-118.588469,34.1968856,1576479785000;-118.5884727,34.1974082,1576479789000;-118.5884708,34.1978271,1576479795000;-118.5884697,34.1980586,1576479797000;-118.5884685,34.198324,1576479799000;-118.5884709,34.1987851,1576479802000;-118.588472,34.1989969,1576479804000;-118.5884744,34.199234,1576479806000;-118.588473,34.1993306,1576479807000;-118.5884753,34.1999678,1576479812000;-118.5884747,34.2000456,1576479813000;-118.588475,34.2001597,1576479814000;-118.5884762,34.2003257,1576479815000;-118.5884762,34.2004245,1576479816000;-118.5884759,34.200531,1576479817000;-118.5884783,34.2009982,1576479820000;-118.5878983,34.2009981,1576479831000;-118.5877034,34.2009938,1576479833000;-118.5874797,34.2009939,1576479834000;-118.5870053,34.2009924,1576479838000;-118.5867541,34.2009931,1576479839000;-118.5862897,34.2009951,1576479842000;-118.5860743,34.2009926,1576479844000;-118.5852414,34.2009936,1576479849000;-118.584728,34.2009908,1576479853000;-118.5841122,34.2009983,1576479857000;-118.5834885,34.2009968,1576479863000;-118.5831612,34.2009968,1576479865000;-118.583132,34.2009968,1576479865000;-118.5829054,34.2009957,1576479867000;-118.5828886,34.2009957,1576479867000;-118.5825148,34.2009965,1576479869000;-118.5819298,34.2010013,1576479873000;-118.5805901,34.2009969,1576479882000;-118.5797478,34.2009993,1576479888000;-118.5775617,34.2010041,1576479904000;-118.5759952,34.2010127,1576479915000;-118.5753794,34.2010123,1576479919000;-118.5753778,34.2011372,1576479925000;-118.576961,34.201135,1576479940000;-118.5775578,34.2011344,1576479944000;-118.5786929,34.201134,1576479951000;-118.5788956,34.2011328,1576479952000;-118.5794066,34.2011318,1576479954000;
-118.50403,34.0398323,1575983713000;-118.5057314,34.0376189,1575983730000;-118.5059465,34.03695,1575983735000;-118.5060202,34.036721,1575983737000;-118.5058454,34.0365501,1575983739000;-118.5039402,34.039669,1575983770000;-118.5036745,34.0398733,1575983773000;-118.502001,34.0411715,1575983786000;-118.5010322,34.0419265,1575983794000;-118.5001481,34.0426164,1575983801000;-118.4992822,34.0432984,1575983808000;-118.4984315,34.0439606,1575983815000;-118.4975646,34.0446433,1575983822000;-118.4966977,34.045319,1575983829000;-118.4962514,34.0456817,1575983833000;-118.4957793,34.0460444,1575983837000;-118.4953255,34.0463922,1575983841000;-118.4948695,34.0467556,1575983844000;-118.4940083,34.0474086,1575983851000;-118.4930251,34.0479273,1575983858000;-118.4924173,34.0481575,1575983862000;-118.4922951,34.0481902,1575983863000;-118.491854,34.0483083,1575983866000;-118.4915716,34.0483654,1575983870000;-118.4913971,34.0484007,1575983871000;-118.4903401,34.0486128,1575983877000;-118.4895909,34.048761,1575983882000;-118.48808030000001,34.0490597,1575983891000;-118.4873561,34.0492076,1575983895000;-118.4865797,34.0493581,1575983900000;-118.4852136,34.0496358,1575983909000;-118.4831179,34.0500505,1575983921000;-118.4820979,34.0502616,1575983928000;-118.4807246,34.0505389,1575983936000;-118.4792741,34.0508234,1575983946000;-118.4760383,34.0514634,1575983968000;-118.4756091,34.0515487,1575983971000;-118.4751388,34.0516462,1575983974000;-118.4744873,34.0517754,1575983979000;-118.4745361,34.0519421,1575983984000;-118.4746666,34.0523227,1575983989000;-118.4746518,34.0522796,1575983989000;-118.4747206,34.05248,1575983991000;-118.4747745,34.0526373,1575983992000;-118.4751786,34.0538156,1575984002000;-118.4752166,34.0539212,1575984003000;-118.4752894,34.0541235,1575984004000;-118.4753674,34.0543403,1575984006000;-118.4756188,34.055047,1575984012000;-118.4759296,34.0556467,1575984017000;-118.4763817,34.0562525,1575984023000;-118.4778363,34.058012,1575984040000;-118.4782471,34.0585088,1575984045000;-118.4778326,34.0587829,1575984056000;-118.4771114,34.059399,1575984063000;-118.4766604,34.0597573,1575984067000;-118.4764167,34.0599443,1575984069000;-118.4759441,34.060323,1575984074000;-118.4754037,34.0607411,1575984081000;-118.4752629,34.0608562,1575984082000;-118.4747109,34.0613257,1575984087000;-118.474404,34.0615593,1575984092000;-118.4732544,34.0625125,1575984103000;-118.4728107,34.0628805,1575984107000;-118.4723052,34.06329,1575984112000;-118.4718407,34.0636517,1575984116000;-118.4717166,34.0637531,1575984117000;-118.4715543,34.0638757,1575984118000;-118.4715318,34.0638935,1575984119000;-118.4714881,34.0639281,1575984119000;-118.4711502,34.0642101,1575984122000;-118.4711008,34.0642514,1575984123000;-118.4710018,34.0643368,1575984124000;-118.4707386,34.0645639,1575984126000;-118.4705656,34.0647114,1575984128000;-118.470485,34.0648003,1575984129000;-118.4704314,34.0648673,1575984129000;-118.4702036,34.0652664,1575984133000;-118.4701662,34.0654897,1575984137000;-118.4702878,34.066134,1575984142000;-118.4703665,34.0664519,1575984145000;-118.4704232,34.0668838,1575984150000;-118.46996970000001,34.0686347,1575984164000;-118.4699022,34.0688595,1575984166000;-118.4697003,34.0695334,1575984172000;-118.4696256,34.069818,1575984174000;-118.4694379,34.0702772,1575984180000;-118.4691242,34.0707614,1575984184000;-118.4690681,34.0708481,1575984185000;-118.4689466,34.0710234,1575984187000;-118.4682023,34.0719856,1575984196000;-118.4681057,34.0720582,1575984197000;-118.4674048,34.0724019,1575984202000;-118.4671221,34.0725375,1575984207000;-118.4670533,34.0725723,1575984207000;-118.4669431,34.0726296,1575984208000;-118.4658021,34.07303,1575984217000;-118.4653556,34.0724692,1575984223000;-118.465868,34.0724364,1575984227000;-118.4660015,34.0726,1575984230000;-118.4664186,34.07309,1575984235000;-118.4673381,34.0739448,1575984244000;-118.4687592,34.0757793,1575984252000;-118.4724584,34.0800136,1575984269000;-118.4730421,34.0807387,1575984272000;-118.4756143,34.0913581,1575984309000;-118.4758985,34.0930409,1575984314000;-118.4760716,34.0941162,1575984318000;-118.476209,34.0949012,1575984321000;-118.4763195,34.0953317,1575984322000;-118.4766669,34.0961732,1575984325000;-118.477135,34.0969635,1575984328000;-118.4773487,34.0973205,1575984329000;-118.4778775,34.0987829,1575984334000;-118.4777226,34.1007113,1575984341000;-118.4807213,34.1093306,1575984372000;-118.4814212,34.110306,1575984376000;-118.4817507,34.1109939,1575984379000;-118.4818655,34.1146759,1575984391000;-118.479355,34.1214411,1575984415000;-118.4786822,34.1219302,1575984421000;-118.4778252,34.1228987,1575984431000;-118.4769037,34.1239876,1575984442000;-118.4764604,34.1240241,1575984445000;-118.4762706,34.1242554,1575984449000;-118.4746275,34.1259635,1575984467000;-118.474536,34.1260456,1575984468000;-118.4739653,34.1266128,1575984474000;-118.4731283,34.1273158,1575984482000;-118.4722877,34.1285291,1575984493000;-118.4719589,34.1289951,1575984498000;-118.4716209,34.1288112,1575984510000;-118.4711187,34.1277729,1575984529000;-118.4709969,34.1269058,1575984543000;-118.4710184,34.1264845,1575984550000;-118.4710507,34.1263646,1575984552000;-118.4710811,34.1262516,1575984554000;-118.4712738,34.125459,1575984567000;-118.471134,34.1244319,1575984583000;-118.4711472,34.1239672,1575984591000;-118.4712613,34.1235525,1575984598000;-118.4714566,34.1228201,1575984610000;-118.4727632,34.1203596,1575984655000;-118.4735236,34.1198881,1575984665000;-118.4741201,34.1193509,1575984673000;-118.4743814,34.118784,1575984680000;-118.4742396,34.1181714,1575984687000;-118.473072,34.1173734,1575984702000;-118.4723091,34.1161884,1575984718000;-118.4725848,34.1152735,1575984729000;-118.4733216,34.1143777,1575984742000;-118.4741094,34.1148491,1575984757000;-118.4741319,34.1151625,1575984765000;-118.4739306,34.115727,1575984772000;-118.4748326,34.1157284,1575984784000;
-118.5011499,34.2156945,1576995162000;-118.5013932,34.2179467,1576995172000;-118.5016541,34.2184637,1576995179000;-118.5025444,34.2202028,1576995194000;-118.502608,34.2204637,1576995196000;-118.502603,34.2204342,1576995196000;-118.502646,34.2206844,1576995198000;-118.5026671,34.2209716,1576995200000;-118.5026688,34.2212247,1576995202000;-118.5023944,34.221229,1576995211000;-118.5023765,34.2212294,1576995211000;-118.5021406,34.2212328,1576995213000;-118.5018889,34.2212364,1576995215000;-118.5016758,34.2212394,1576995216000;-118.5011484,34.2212072,1576995220000;-118.5007083,34.221122,1576995223000;-118.500454,34.2210575,1576995224000;-118.4999631,34.2209363,1576995228000;-118.4993738,34.2207943,1576995234000;-118.4991119,34.2207408,1576995236000;-118.4988651,34.2206926,1576995237000;-118.4988015,34.2206783,1576995238000;-118.49874,34.2206649,1576995238000;-118.4982268,34.2205619,1576995242000;-118.4952642,34.2201946,1576995262000;-118.4951589,34.2202236,1576995263000;-118.4949821,34.2202818,1576995264000;-118.4934831,34.2210896,1576995276000;-118.4929242,34.2212518,1576995280000;-118.4921406,34.2212964,1576995285000;-118.4901864,34.2213057,1576995300000;-118.4895787,34.2213086,1576995304000;-118.4894713,34.221309,1576995305000;-118.489425,34.2213092,1576995305000;-118.4872133,34.2213218,1576995320000;-118.4870292,34.2213226,1576995321000;-118.4864584,34.2213253,1576995325000;-118.4859256,34.2213277,1576995329000;-118.4852481,34.221331,1576995333000;-118.4845287,34.2213352,1576995338000;-118.4843827,34.2213367,1576995339000;-118.4836932,34.2213419,1576995343000;-118.4828518,34.2213429,1576995351000;-118.4826789,34.2213435,1576995352000;-118.4824136,34.2213448,1576995354000;-118.4822076,34.2213459,1576995355000;-118.4814536,34.2213497,1576995360000;-118.4808221,34.221354,1576995364000;-118.4775588,34.2213755,1576995386000;-118.4774941,34.2213757,1576995386000;-118.477141,34.2213769,1576995389000;-118.4771052,34.2213771,1576995389000;-118.4769434,34.2213809,1576995390000;-118.4765364,34.2213843,1576995393000;-118.4764798,34.2213848,1576995393000;-118.4764328,34.221385,1576995395000;-118.4759786,34.2213873,1576995398000;-118.4759553,34.2213873,1576995398000;-118.4757315,34.2213874,1576995400000;-118.4755854,34.2213881,1576995401000;-118.4752625,34.2213895,1576995403000;-118.474959,34.2213905,1576995405000;-118.4744309,34.2213896,1576995411000;-118.474317,34.2213904,1576995411000;-118.4740628,34.2213889,1576995413000;-118.4737019,34.2213898,1576995415000;-118.4727473,34.2213966,1576995424000;-118.4724213,34.221394,1576995428000;-118.4721072,34.2213918,1576995430000;-118.4717864,34.2213951,1576995434000;-118.4715612,34.2213974,1576995436000;-118.4714392,34.2213986,1576995437000;-118.4712593,34.2214004,1576995438000;-118.4708425,34.2214047,1576995441000;-118.4703688,34.2214095,1576995444000;-118.4699174,34.2214141,1576995447000;-118.4694582,34.2214174,1576995452000;-118.4687804,34.2214187,1576995456000;-118.4685174,34.2214241,1576995458000;-118.46839,34.221424999999996,1576995459000;-118.4682933,34.2214257,1576995460000;-118.4682134,34.2214263,1576995460000;-118.46782,34.2214291,1576995463000;-118.467656,34.2214299,1576995466000;-118.4676535,34.2218519,1576995473000;-118.4676517,34.2220678,1576995475000;-118.4676511,34.2221776,1576995476000;-118.4676486,34.2225241,1576995479000;-118.4676439,34.2231632,1576995484000;-118.467641,34.22357,1576995487000;-118.4676391,34.2238273,1576995489000;-118.467638,34.2239908,1576995490000;-118.4676359,34.2242743,1576995493000;-118.467633,34.2246561,1576995496000;-118.4676217,34.2262395,1576995509000;-118.4676195,34.2265438,1576995511000;-118.467618,34.2267571,1576995513000;-118.4676162,34.2270028,1576995515000;-118.46761359999999,34.2273556,1576995518000;-118.4676118,34.2276043,1576995520000;-118.4676109,34.2277246,1576995521000;-118.4676108,34.227742,1576995521000;-118.4676093,34.2279374,1576995522000;-118.4676086,34.2280412,1576995523000;-118.467606,34.2282839,1576995525000;-118.4676039,34.228584,1576995530000;-118.4675999,34.2289966,1576995533000;-118.4675976,34.2292346,1576995535000;-118.4675819,34.2300467,1576995541000;-118.4675655,34.230277,1576995543000;-118.4675574,34.2303744,1576995544000;-118.4675478,34.230499,1576995545000;-118.4675287,34.2306967,1576995547000;-118.4675187,34.2313854,1576995552000;-118.467517,34.2316482,1576995554000;-118.4675152,34.2319095,1576995556000;-118.4669663,34.2319059,1576995566000;-118.4667318,34.2319043,1576995567000;-118.4655675,34.2318966,1576995575000;-118.4654045,34.2318955,1576995576000;-118.4644509,34.2318892,1576995582000;-118.4643591,34.2318886,1576995583000;-118.4643659,34.2314101,1576995596000;-118.4643729,34.2309144,1576995600000;
-118.4777451,34.0967383,1577745238000;-118.4770919,34.0958715,1577745238000;-118.4766691,34.0948741,1577745245000;-118.4761669,34.0929526,1577745254000;-118.4760261,34.0921189,1577745257000;-118.474512,34.0829697,1577745292000;-118.4693209,34.0761325,1577745323000;-118.4683504,34.0748806,1577745329000;-118.4670144,34.0731478,1577745337000;-118.4655489,34.071328,1577745345000;-118.4650102,34.0706968,1577745348000;-118.4636022,34.0690998,1577745356000;-118.458982,34.0638756,1577745381000;-118.4582712,34.0630505,1577745384000;-118.4576556,34.0623335,1577745388000;-118.4560792,34.060444,1577745397000;-118.4554742,34.0596805,1577745400000;-118.4549769,34.0587197,1577745408000;-118.454616,34.0580199,1577745413000;-118.4533992,34.0552931,1577745434000;-118.4535881,34.0550711,1577745436000;-118.453743,34.0550079,1577745437000;-118.4545263,34.0547837,1577745442000;-118.4550078,34.0546434,1577745445000;-118.4552021,34.0545869,1577745447000;-118.4562741,34.0542844,1577745453000;-118.4579622,34.053328,1577745465000;-118.4583341,34.0525939,1577745471000;-118.4585762,34.0516182,1577745478000;-118.4585971,34.05154,1577745479000;-118.4591586,34.050883,1577745485000;-118.4592543,34.0508066,1577745488000;-118.4595774,34.0505371,1577745492000;-118.4596762,34.0504518,1577745493000;-118.4600896,34.0501063,1577745497000;-118.4602568,34.0499589,1577745498000;-118.460335,34.0498844,1577745499000;-118.4605029,34.0497476,1577745500000;-118.4604331,34.0498045,1577745500000;-118.4608633,34.0494548,1577745503000;-118.4611037,34.0492526,1577745507000;-118.4610669,34.0492831,1577745507000;-118.461265,34.0491187,1577745509000;-118.4613593,34.0490404,1577745510000;-118.4614856,34.0489356,1577745511000;-118.461785,34.0486982,1577745513000;-118.4621749,34.0484026,1577745516000;-118.4623638,34.0482508,1577745518000;-118.4626476,34.0480217,1577745520000;-118.4627931,34.0479015,1577745523000;-118.4631587,34.0475997,1577745527000;-118.4634782,34.0473483,1577745529000;-118.4639203,34.0469904,1577745535000;-118.4643228,34.0466636,1577745538000;-118.4642931,34.0466878,1577745538000;-118.464747,34.0463277,1577745542000;-118.4648974,34.0461974,1577745543000;-118.4651752,34.0459781,1577745545000;-118.4656149,34.0456122,1577745551000;-118.465761,34.0454907,1577745552000;-118.4660785,34.0452399,1577745555000;-118.4668575,34.0446081,1577745561000;-118.4669857,34.0445039,1577745562000;-118.4674934,34.0440914,1577745567000;-118.467963,34.0437051,1577745572000;-118.4680976,34.0435966,1577745574000;-118.4683131,34.0434228,1577745575000;-118.468796,34.043031,1577745579000;-118.468722,34.0430913,1577745579000;-118.468932,34.0429202,1577745580000;-118.4691603,34.0427338,1577745582000;-118.4693558,34.0425759,1577745584000;-118.4694884,34.0424688,1577745585000;-118.4696012,34.0423778,1577745586000;-118.4696749,34.0423181,1577745587000;-118.4700624,34.042004,1577745590000;-118.4703301,34.0417869,1577745592000;-118.4704917,34.041656,1577745593000;-118.4706942,34.0414915,1577745595000;-118.4706367,34.0415386,1577745595000;-118.4708955,34.0413266,1577745597000;-118.4711375,34.0411323,1577745601000;-118.4713495,34.0409584,1577745603000;-118.4714871,34.0408456,1577745604000;-118.4716215,34.0407354,1577745606000;-118.4718144,34.0405772,1577745608000;-118.4719953,34.0404316,1577745609000;-118.4721972,34.0402716,1577745611000;-118.4722958,34.0401935,1577745612000;-118.4724209,34.0400937,1577745614000;-118.4728002,34.0397911,1577745617000;-118.4731262,34.0395243,1577745622000;-118.4731923,34.0394702,1577745623000;-118.4732978,34.0393838,1577745624000;-118.473698,34.0390562,1577745628000;-118.4738978,34.0389931,1577745630000;-118.4740623,34.0388594,1577745631000;-118.4741088,34.0387566,1577745632000;-118.4742041,34.038672,1577745633000;-118.4743231,34.0385664,1577745635000;-118.4746493,34.0382849,1577745638000;-118.4751415,34.0379125,1577745645000;-118.4753494,34.0378189,1577745646000;-118.4756327,34.0375877,1577745649000;-118.4757715,34.0374741,1577745650000;-118.4760812,34.0372169,1577745653000;-118.4763068,34.0370296,1577745656000;-118.4765673,34.0368107,1577745658000;-118.47716870000001,34.0363338,1577745664000;-118.4773785,34.0361674,1577745666000;-118.4774845,34.0360209,1577745667000;-118.4778908,34.0356803,1577745673000;-118.4780072,34.0356388,1577745674000;-118.478318,34.0354014,1577745677000;-118.4786182,34.035166,1577745680000;-118.4787391,34.0350622,1577745681000;-118.4788643,34.0349589,1577745683000;-118.4791104,34.0347525,1577745685000;-118.4792462,34.034639,1577745686000;-118.4794064,34.0345064,1577745688000;-118.4793601,34.0345445,1577745688000;-118.4795149,34.0344221,1577745689000;-118.4796986,34.0342794,1577745691000;-118.4799243,34.0340951,1577745693000;-118.4802438,34.0338292,1577745696000;-118.4804243,34.0336841,1577745698000;-118.4803902,34.0337112,1577745698000;-118.4807296,34.0334393,1577745701000;-118.4810804,34.0331531,1577745706000;-118.4812473,34.0330236,1577745708000;-118.481549,34.0327864,1577745711000;-118.4818338,34.0325445,1577745715000;-118.4819429,34.0324515,1577745717000;-118.48213989999999,34.0322904,1577745718000;-118.482275,34.0321835,1577745720000;-118.4823386,34.032133,1577745722000;-118.4825593,34.0319621,1577745724000;-118.4826678,34.0318766,1577745726000;-118.4827158,34.0317684,1577745727000;-118.4828299,34.0316757,1577745728000;-118.4831884,34.0313843,1577745731000;-118.4835545,34.0310822,1577745737000;-118.4835272,34.0311049,1577745737000;-118.4836555,34.0309992,1577745738000;-118.4838326,34.0308579,1577745740000;-118.4841308,34.03062,1577745742000;-118.4844327,34.030375,1577745745000;-118.4846051,34.0302351,1577745747000;-118.4847789,34.0300962,1577745749000;-118.4850826,34.0298533,1577745752000;-118.4854286,34.0295654,1577745755000;-118.4855493,34.0294649,1577745756000;-118.4856784,34.0293534,1577745758000;-118.485993,34.0290818,1577745761000;-118.4856525,34.0287875,1577745767000;
-118.4661876,34.1741222,1577567113000;-118.4671946,34.1757827,1577567130000;-118.466185,34.1757454,1577567139000;-118.4661846,34.175409,1577567149000;-118.4661861,34.175229,1577567150000;-118.4661854,34.1752864,1577567150000;-118.4661856,34.1749649,1577567152000;-118.4661853,34.1744124,1577567156000;-118.4661876,34.1741222,1577567158000;-118.4661843,34.1739214,1577567159000;-118.4661833,34.1733716,1577567163000;-118.4661812,34.1731303,1577567165000;-118.4661804,34.173037,1577567166000;-118.4661797,34.1729732,1577567166000;-118.466179,34.1728326,1577567167000;-118.4661839,34.1727154,1577567168000;-118.466179,34.1727743,1577567168000;-118.466184,34.1725401,1577567169000;-118.4661844,34.1724592,1577567170000;-118.4661833,34.1723517,1577567171000;-118.4661846,34.1721292,1577567172000;-118.4661837,34.1718619,1577567176000;-118.4661836,34.1717446,1577567177000;-118.4661826,34.1715782,1577567178000;-118.4661794,34.1714443,1577567179000;-118.466182,34.1711266,1577567181000;-118.4661829,34.170961,1577567183000;-118.4661853,34.1702932,1577567187000;-118.4661846,34.1701058,1577567189000;-118.4661843,34.1700137,1577567189000;-118.4661837,34.1698749,1577567190000;-118.4661803,34.1691214,1577567195000;-118.4661798,34.1688549,1577567197000;-118.4661781,34.1684827,1577567200000;-118.4661786,34.1684075,1577567202000;-118.4661794,34.1682061,1577567204000;-118.4661807,34.1678352,1577567206000;-118.4661779,34.1675253,1577567209000;-118.4661784,34.1672974,1577567210000;-118.4661777,34.1672082,1577567211000;-118.4661767,34.1667552,1577567214000;-118.4661756,34.1666724,1577567215000;-118.4661716,34.166381200000004,1577567217000;-118.4661719,34.1662293,1577567218000;-118.466173,34.1656769,1577567222000;-118.4661733,34.1655208,1577567223000;-118.4661746,34.1648529,1577567227000;-118.46552199999999,34.1648614,1577567236000;-118.4654577,34.1648618,1577567236000;-118.4653982,34.164862,1577567237000;-118.4651997,34.1648631,1577567238000;-118.4639934,34.1648589,1577567246000;-118.463583,34.1648593,1577567249000;-118.462742,34.1648584,1577567255000;-118.462753,34.1651104,1577567267000;-118.4627531,34.1652688,1577567274000;-118.4627529,34.1654365,1577567293000;
-118.4270138,34.2002126,1576315978000;-118.4269493,34.1993622,1576315989000;-118.427807,34.1993603,1576316007000;-118.429061,34.1993712,1576316023000;-118.431278,34.1993794,1576316053000;-118.4312782,34.1996234,1576316060000;-118.4312785,34.1999989,1576316063000;-118.4312788,34.2003259,1576316066000;-118.4312825,34.2005663,1576316067000;-118.431284,34.2006544,1576316068000;-118.4312817,34.201217,1576316073000;-118.4310226,34.2012131,1576316082000;-118.4307276,34.201214,1576316084000;-118.4306625,34.2012142,1576316085000;-118.4305483,34.2012145,1576316085000;-118.4304727,34.2012144,1576316086000;-118.4302367,34.201214,1576316087000;-118.4301592,34.2012138,1576316088000;-118.4297777,34.2012133,1576316090000;-118.429434,34.2012128,1576316093000;-118.4288151,34.2012119,1576316097000;-118.428681,34.2012117,1576316098000;-118.4284923,34.2012114,1576316099000;-118.4282164,34.2012127,1576316101000;-118.4280439,34.2012143,1576316102000;-118.427923,34.2012115,1576316105000;-118.4276222,34.2012119,1576316107000;-118.4270877,34.2012126,1576316110000;-118.4270231,34.2012127,1576316111000;-118.4266043,34.2012113,1576316114000;-118.4264863,34.2012109,1576316114000;-118.4264164,34.2012106,1576316115000;-118.4263186,34.2012106,1576316116000;-118.4253987,34.2012104,1576316122000;-118.4247235,34.2012071,1576316126000;-118.4243881,34.2012068,1576316130000;-118.424264,34.2012089,1576316131000;-118.423789,34.2012101,1576316134000;-118.4234081,34.2012056,1576316137000;-118.4232179,34.2012066,1576316138000;-118.4231066,34.2012072,1576316139000;-118.4225432,34.2012103,1576316143000;-118.4222884,34.2012103,1576316146000;-118.4220945,34.2012103,1576316148000;-118.4220256,34.2012103,1576316148000;-118.4217387,34.2012103,1576316150000;-118.4213899,34.2012103,1576316152000;-118.4210412,34.2012103,1576316155000;-118.4209614,34.2012103,1576316155000;-118.4202637,34.2012103,1576316160000;-118.4198885,34.2012103,1576316162000;-118.4197004,34.2012103,1576316164000;-118.4193536,34.2012103,1576316166000;-118.4190783,34.2012103,1576316168000;-118.418927,34.2012103,1576316169000;-118.4188311,34.2012103,1576316169000;-118.4186494,34.2012103,1576316171000;-118.4181659,34.2012103,1576316174000;-118.417655,34.2012103,1576316179000;-118.4174034,34.2012103,1576316181000;-118.4172153,34.2012103,1576316182000;-118.4169942,34.2012103,1576316184000;-118.4166115,34.2012103,1576316186000;-118.4160687,34.2012111,1576316190000;-118.4160439,34.2012111,1576316190000;-118.4159727,34.2012112,1576316191000;-118.4157258,34.2012103,1576316192000;-118.4155809,34.2012103,1576316193000;-118.4153293,34.2012103,1576316195000;-118.4150781,34.2012103,1576316196000;-118.4149758,34.2012103,1576316197000;-118.4148559,34.2012103,1576316198000;-118.4144403,34.2012103,1576316201000;-118.4144204,34.2012103,1576316201000;-118.4140696,34.2012103,1576316203000;-118.4137971,34.2012103,1576316205000;-118.4130571,34.2012105,1576316212000;-118.4128404,34.2012105,1576316213000;-118.4118846,34.2012106,1576316220000;-118.4114908,34.2012107,1576316222000;-118.4108098,34.2012109,1576316227000;-118.4107551,34.2012109,1576316227000;-118.4100861,34.201211,1576316232000;-118.4099613,34.201211,1576316233000;-118.4094369,34.2012111,1576316236000;-118.4089931,34.2012178,1576316241000;-118.4087082,34.2012094,1576316243000;-118.4086743,34.2012084,1576316243000;-118.4082267,34.201208,1576316246000;-118.4081211,34.2012079,1576316247000;-118.4079298,34.201207,1576316248000;-118.4078836,34.2012068,1576316248000;-118.4077651,34.2012063,1576316249000;-118.4074973,34.2012051,1576316251000;-118.4074387,34.2012048,1576316251000;-118.4071964,34.2012037,1576316253000;-118.4071443,34.2012034,1576316253000;-118.4067871,34.2012018,1576316256000;-118.4065977,34.2012012,1576316257000;-118.4065518,34.201201,1576316257000;-118.4061483,34.2011995,1576316260000;-118.4058685,34.2011986,1576316262000;-118.4057382,34.2011981,1576316263000;-118.4056423,34.2011978,1576316263000;-118.4055423,34.2011974,1576316264000;-118.4051717,34.2011961,1576316267000;-118.4050611,34.2016283,1576316273000;-118.4050506,34.2016645,1576316274000;-118.4050064,34.2017975,1576316275000;-118.4049583,34.2019716,1576316276000;-118.4049353,34.2022497,1576316278000;-118.4060204,34.2048199,1576316300000;-118.4060864,34.2049959,1576316302000;-118.4061329,34.20556,1576316309000;-118.4061016,34.2058257,1576316311000;-118.4055822,34.2069465,1576316320000;-118.4055289,34.2070288,1576316321000;-118.4053515,34.2073849,1576316324000;-118.405236,34.2078793,1576316328000;-118.4052296,34.2079942,1576316329000;-118.4052269,34.2081649,1576316331000;-118.4052471,34.2084894,1576316333000;-118.405254,34.2088723,1576316338000;-118.4052671,34.2090479,1576316340000;-118.4052749,34.2094032,1576316343000;-118.405249,34.2118046,1576316362000;-118.405249,34.2121063,1576316364000;-118.405249,34.2123858,1576316367000;-118.405249,34.2137121,1576316377000;-118.405249,34.2145213,1576316384000;-118.405249,34.214594,1576316384000;-118.405249,34.214763,1576316386000;-118.4052639,34.2153401,1576316390000;-118.4052731,34.2157403,1576316394000;-118.4061027,34.2157409,1576316403000;-118.407694,34.215742,1576316412000;
-118.2139355,34.0624841,1577157591000;-118.2139183,34.061908,1577157594000;-118.2140731,34.061894,1577157596000;-118.2140685,34.0616666,1577157601000;-118.2140443,34.0614205,1577157605000;-118.2136487,34.0611828,1577157612000;-118.2136678,34.0611689,1577157620000;-118.2138501,34.0610366,1577157624000;-118.2140007,34.0609272,1577157625000;-118.2144248,34.0606337,1577157629000;-118.2145945,34.0608185,1577157638000;-118.2147417,34.0610155,1577157640000;-118.2148878,34.0612611,1577157642000;-118.2151177,34.0618384,1577157647000;-118.2152778,34.0630457,1577157657000;-118.2152733,34.0637052,1577157662000;-118.2152773,34.0639228,1577157664000;-118.2152839,34.0642754,1577157667000;-118.2152895,34.0645234,1577157669000;-118.2152945,34.0647432,1577157670000;-118.2153338,34.0650911,1577157673000;-118.215363,34.0653112,1577157675000;-118.2153776,34.0654213,1577157676000;-118.2154003,34.0655972,1577157677000;-118.215422,34.0657661,1577157679000;-118.2154498,34.0659816,1577157681000;-118.2154804,34.0663271,1577157685000;-118.2154822,34.0663955,1577157686000;-118.2154842,34.0664723,1577157687000;-118.2154994,34.0670677,1577157691000;-118.2154973,34.066984,1577157691000;-118.215511,34.0675299,1577157695000;-118.2155213,34.0687039,1577157705000;-118.2155311,34.0694962,1577157711000;-118.2155276,34.0707519,1577157723000;-118.2155561,34.0712988,1577157727000;-118.2155851,34.0718535,1577157732000;-118.215603,34.0725089,1577157737000;-118.2156065,34.0726384,1577157738000;-118.2156133,34.0728887,1577157740000;-118.2156113,34.0728137,1577157740000;-118.2156162,34.0729929,1577157741000;-118.2156154,34.0729652,1577157741000;-118.2156208,34.0731629,1577157742000;-118.2156184,34.0730742,1577157742000;-118.2156338,34.0736397,1577157746000;-118.2156479,34.0741205,1577157752000;-118.2156495,34.0741739,1577157753000;-118.2156528,34.0742862,1577157754000;-118.2156628,34.0746275,1577157756000;-118.2156579,34.074531,1577157756000;-118.2156791,34.0752211,1577157761000;-118.215693,34.0758188,1577157766000;-118.2156947,34.0758938,1577157767000;-118.215699,34.0760771,1577157768000;-118.2156975,34.076012,1577157768000;-118.2156947,34.0765136,1577157772000;-118.2148336,34.0765086,1577157784000;
-118.2630175,33.9820085,1576541141000;-118.2643599,33.9820086,1576541148000;-118.2651902,33.9819815,1576541154000;-118.2655127,33.9821111,1576541159000;-118.2656426,33.9821749,1576541160000;-118.2665564,33.9824631,1576541166000;-118.267328,33.9824593,1576541171000;-118.2692617,33.9824536,1576541185000;-118.2695679,33.9824512,1576541187000;-118.269898,33.9824489,1576541191000;-118.2700957,33.9824476,1576541192000;-118.2699997,33.9824482,1576541192000;-118.2717967,33.9824361,1576541204000;-118.2733693,33.9824254,1576541214000;-118.2734283,33.982425,1576541215000;-118.273596,33.9824239,1576541216000;-118.2737079,33.9824232,1576541217000;-118.2739453,33.9824215,1576541218000;-118.2741949,33.9824195,1576541222000;-118.2744,33.9824178,1576541223000;-118.2743019,33.9824186,1576541223000;-118.2745168,33.9824169,1576541224000;-118.2777197,33.9823913,1576541246000;-118.2778835,33.98239,1576541247000;-118.2783145,33.9823865,1576541250000;-118.2783141,33.9821022,1576541256000;-118.2783137,33.9817974,1576541259000;-118.2783108,33.9815449,1576541261000;-118.2783086,33.9813479,1576541263000;-118.2788691,33.9813465,1576541274000;-118.2788723,33.981065,1576541281000;-118.2802109,33.9810605,1576541298000;
-118.363504,34.0430172,1577070521000;-118.3621666,34.0433967,1577070522000;-118.3611161,34.0435964,1577070530000;-118.3603005,34.0437178,1577070535000;-118.3598656,34.0437826,1577070538000;-118.3597486,34.0437998,1577070539000;-118.3592023,34.0438875,1577070543000;-118.3586502,34.0439762,1577070546000;-118.3580069,34.0440552,1577070553000;-118.3574212,34.0441403,1577070557000;-118.3563914,34.0442907,1577070563000;-118.3553095,34.0444614,1577070571000;-118.3545592,34.0445811,1577070576000;-118.3538051,34.0446934,1577070581000;-118.3527064,34.0448342,1577070590000;-118.3515661,34.0449526,1577070598000;-118.3511479,34.0450087,1577070601000;-118.3504248,34.0451112,1577070606000;-118.3501293,34.0451551,1577070610000;-118.3492122,34.0452911,1577070616000;-118.348,34.0454704,1577070624000;-118.3467667,34.0456524,1577070633000;-118.3465454,34.045691,1577070634000;-118.3461345,34.0457484,1577070637000;-118.3454108,34.0458635,1577070642000;-118.34546,34.0457042,1577070652000;-118.3455632,34.0454333,1577070655000;-118.3456445,34.045233,1577070656000;-118.3457038,34.0450724,1577070658000;-118.3458204,34.0447567,1577070660000;-118.3458341,34.0447196,1577070661000;-118.3460357,34.0441902,1577070665000;-118.3461688,34.0438445,1577070668000;-118.3462472,34.0436408,1577070670000;-118.3462921,34.0435241,1577070671000;-118.3463464,34.0433832,1577070672000;-118.3464004,34.0432429,1577070673000;-118.3464685,34.0430659,1577070675000;-118.3467178,34.0424184,1577070680000;-118.3469355,34.0418487,1577070685000;-118.3469279,34.0418685,1577070685000;-118.3470199,34.0416278,1577070687000;-118.3472297,34.0410759,1577070691000;-118.3473193,34.0408444,1577070693000;-118.3475098,34.0403773,1577070697000;-118.3476653,34.0400616,1577070702000;-118.3478237,34.03974,1577070705000;-118.3478956,34.0395914,1577070706000;-118.3479988,34.039382,1577070708000;-118.3481549,34.0390632,1577070711000;-118.3482368,34.0388959,1577070712000;-118.348441,34.0384788,1577070716000;-118.348622,34.0380192,1577070722000;-118.3489651,34.0371489,1577070729000;-118.3494211,34.035992,1577070739000;-118.3494714,34.0358631,1577070740000;-118.3497238,34.0354193,1577070746000;-118.3500988,34.0344803,1577070754000;-118.3503612,34.033819,1577070759000;-118.3508147,34.0340284,1577070775000;-118.3505495,34.0340433,1577070776000;-118.3498777,34.0340681,1577070778000;-118.3459841,34.0342672,1577070789000;-118.3455201,34.034295,1577070790000;-118.3450394,34.0343385,1577070791000;-118.3435465,34.0345019,1577070795000;-118.3387281,34.0347299,1577070809000;-118.3289481,34.0351689,1577070836000;-118.322127,34.0359498,1577070855000;-118.3173682,34.0366187,1577070868000;-118.3080611,34.0370256,1577070894000;-118.3053875,34.0370048,1577070902000;-118.3005939,34.0369668,1577070915000;-118.2999857,34.0369595,1577070917000;-118.2965747,34.0369148,1577070926000;-118.2961555,34.0369102,1577070927000;-118.2925118,34.0368525,1577070937000;-118.29188,34.0368417,1577070939000;-118.291253,34.0368344,1577070941000;-118.287529,34.0367935,1577070951000;-118.2843739,34.0369881,1577070960000;-118.2802278,34.037753,1577070972000;-118.2768525,34.0380386,1577070981000;-118.2724446,34.0377441,1577070993000;-118.2711095,34.0370745,1577070998000;-118.2686375,34.035367,1577071007000;-118.26562440000001,34.0336194,1577071020000;-118.264158,34.0327899,1577071027000;-118.258724,34.0306964,1577071044000;-118.2572282,34.030077,1577071048000;-118.2558444,34.0293848,1577071053000;-118.2515045,34.0270361,1577071067000;-118.250854,34.0266819,1577071069000;-118.2431167,34.0235936,1577071093000;-118.242994,34.0236004,1577071094000;-118.2388752,34.0247122,1577071110000;-118.2370059,34.0254978,1577071116000;-118.229792,34.0282884,1577071138000;-118.2252344,34.0290527,1577071151000;-118.2210612,34.0292159,1577071167000;-118.2207031,34.0291976,1577071168000;-118.2184177,34.0290394,1577071177000;-118.2175117,34.0290284,1577071180000;-118.2167775,34.0290226,1577071183000;-118.2151007,34.0290769,1577071187000;-118.2108349,34.0283584,1577071200000;-118.2093414,34.0280526,1577071204000;-118.2087149,34.0280099,1577071223000;-118.2049469,34.0283086,1577071248000;-118.203304,34.0285538,1577071259000;-118.202377,34.0286747,1577071265000;-118.2014435,34.0287997,1577071272000;-118.2003338,34.0288338,1577071279000;-118.2006649,34.0283248,1577071292000;-118.2007975,34.028114,1577071294000;-118.2007783,34.0281449,1577071294000;-118.2010054,34.0277799,1577071297000;-118.2007971,34.0276891,1577071303000;-118.2001374,34.0274015,1577071308000;-118.1999854,34.0273352,1577071309000;-118.1998032,34.0272558,1577071310000;-118.1994603,34.0271063,1577071313000;-118.1992826,34.0270288,1577071314000;-118.1990309,34.0269191,1577071316000;-118.1988336,34.0268331,1577071318000;-118.1985284,34.0267,1577071320000;-118.1980879,34.0265043,1577071325000;-118.197987,34.0264595,1577071326000;-118.1972411,34.0261282,1577071332000;-118.1966303,34.0258569,1577071336000;-118.196065,34.0256058,1577071341000;-118.1955628,34.0253851,1577071346000;-118.1948941,34.0250913,1577071351000;-118.1943357,34.024846,1577071356000;-118.1941686,34.0247727,1577071357000;-118.1936814,34.0245584,1577071361000;-118.1936449,34.0245424,1577071361000;-118.1935837,34.0245155,1577071361000;-118.1931562,34.0243277,1577071365000;-118.1926629,34.0241248,1577071368000;-118.1922853,34.0239694,1577071371000;-118.1919361,34.0239059,1577071375000;-118.191827,34.0239074,1577071376000;-118.1914689,34.0239069,1577071379000;-118.1911682,34.0239108,1577071381000;-118.1911637,34.0235041,1577071395000;-118.1911627,34.0234147,1577071396000;-118.1911437,34.0228607,1577071405000;-118.1911571,34.0224675,1577071410000;-118.1912456,34.0206546,1577071415000;
-118.1875873,33.8776779,1577154471000;-118.1869416,33.8781998,1577154481000;-118.1866364,33.8781973,1577154486000;-118.1860828,33.8781975,1577154495000;-118.1859647,33.8781951,1577154496000;-118.1859373,33.878714099999996,1577154502000;-118.1859291,33.8790089,1577154504000;-118.1859325,33.8793016,1577154506000;-118.1861492,33.8802911,1577154514000;-118.1862774,33.880661,1577154516000;-118.186235,33.8805386,1577154516000;-118.1863443,33.8808539,1577154518000;-118.1873232,33.8823991,1577154530000;-118.1893924,33.883949,1577154547000;-118.1896769,33.8841221,1577154549000;-118.1900552,33.8843522,1577154552000;-118.1915287,33.885533699999996,1577154564000;-118.192002,33.8861376,1577154569000;-118.19195500000001,33.8860617,1577154569000;-118.1923134,33.8866627,1577154574000;-118.1924714,33.8869512,1577154576000;-118.1925353,33.8871124,1577154577000;-118.1926071,33.887292,1577154578000;-118.19268220000001,33.8875257,1577154580000;-118.1927384,33.8877562,1577154582000;-118.1927599,33.8880149,1577154584000;-118.1928297,33.8887176,1577154589000;-118.1928353,33.888824299999996,1577154592000;-118.1928773,33.8893921,1577154598000;-118.1929618,33.889591,1577154599000;-118.1929767,33.890021,1577154602000;-118.1929954,33.890279,1577154604000;-118.1930197,33.890614,1577154607000;-118.1930426,33.8909405,1577154609000;-118.1930889,33.8915985,1577154614000;-118.1931248,33.892109,1577154617000;-118.19315,33.8924669,1577154620000;-118.1931618,33.8926387,1577154623000;-118.1931711,33.8927733,1577154624000;-118.1931749,33.8928284,1577154625000;-118.1931859,33.8930009,1577154626000;-118.1932293,33.8936364,1577154630000;-118.1932498,33.8939194,1577154632000;-118.193273,33.8942563,1577154635000;-118.1932936,33.8945032,1577154637000;-118.1933226,33.89485,1577154639000;-118.193291,33.8952935,1577154643000;-118.193317,33.8956604,1577154645000;-118.1933149,33.895631,1577154645000;-118.1933555,33.8961587,1577154649000;-118.1934092,33.8967662,1577154655000;-118.1934309,33.8970117,1577154657000;-118.1935822,33.8991107,1577154672000;-118.1936075,33.8994625,1577154675000;-118.1937842,33.901909,1577154692000;-118.1938604,33.9029831,1577154700000;-118.1938702,33.9031341,1577154701000;-118.1938986,33.9035687,1577154704000;-118.1940275,33.9035688,1577154709000;-118.1942302,33.903569,1577154712000;-118.1944556,33.903567,1577154713000;-118.1946788,33.9035652,1577154714000;-118.1945785,33.9035661,1577154714000;-118.194965,33.9035628,1577154716000;-118.1953491,33.903558,1577154718000;-118.1968829,33.9035522,1577154727000;-118.1983293,33.9035511,1577154736000;-118.1989446,33.9035802,1577154740000;-118.1993217,33.9035806,1577154742000;-118.2002713,33.9035721,1577154749000;-118.2017936,33.9035593,1577154758000;-118.2021285,33.9035582,1577154760000;-118.2028631,33.9035527,1577154764000;-118.2037229,33.9035453,1577154771000;-118.204353,33.9035416,1577154775000;-118.2050477,33.9035321,1577154781000;-118.2064311,33.903526,1577154791000;-118.2065869,33.9035248,1577154792000;-118.2068658,33.9035228,1577154794000;-118.2070755,33.9035212,1577154795000;-118.2078106,33.9035159,1577154801000;-118.2078674,33.9035134,1577154802000;-118.2081862,33.9035129,1577154804000;-118.2084562,33.9035108,1577154805000;-118.2084727,33.9037698,1577154814000;-118.2084934,33.9040851,1577154816000;-118.2084869,33.9039882,1577154816000;-118.2084971,33.9041412,1577154817000;-118.2085103,33.9043389,1577154818000;-118.2085163,33.9044288,1577154819000;-118.20853,33.9046388,1577154820000;-118.208537,33.9047452,1577154821000;-118.2085449,33.9048647,1577154822000;-118.2085944,33.905615499999996,1577154827000;-118.2086087,33.9058329,1577154829000;-118.2086221,33.906070299999996,1577154830000;-118.208629,33.9061913,1577154831000;-118.2086332,33.9062656,1577154832000;-118.2086436,33.9064488,1577154833000;-118.2086593,33.9066313,1577154834000;-118.2086933,33.9070272,1577154837000;-118.2086897,33.9069852,1577154837000;-118.2087011,33.9071449,1577154840000;-118.2087126,33.907318599999996,1577154841000;-118.2087185,33.9074088,1577154842000;-118.2087272,33.9075406,1577154843000;-118.2087406,33.9077428,1577154844000;-118.2087387,33.9077148,1577154844000;-118.2087508,33.9078975,1577154845000;-118.2087936,33.908595,1577154850000;-118.2087913,33.908557099999996,1577154850000;-118.2088277,33.9090843,1577154854000;-118.2088473,33.9093658,1577154856000;-118.20886899999999,33.9097059,1577154860000;-118.2088782,33.909849,1577154861000;-118.2089006,33.910199399999996,1577154864000;-118.2089083,33.9110045,1577154871000;-118.2089179,33.9111436,1577154873000;-118.2089474,33.9115959,1577154876000;-118.2089719,33.9119647,1577154878000;-118.209004,33.9124396,1577154882000;-118.2090185,33.9126664,1577154883000;-118.2090758,33.9137414,1577154893000;-118.2091265,33.9145694,1577154899000;-118.2091398,33.9147865,1577154900000;-118.2091731,33.9152139,1577154905000;-118.2092231,33.9158562,1577154910000;-118.2092816,33.9167147,1577154916000;-118.2092946,33.9169059,1577154917000;-118.2093029,33.9170609,1577154918000;-118.2093381,33.9177182,1577154923000;-118.2093458,33.9178618,1577154924000;-118.2093576,33.9180815,1577154925000;-118.2094286,33.9189544,1577154934000;-118.2094432,33.919134299999996,1577154935000;-118.2094908,33.9200572,1577154941000;-118.2094985,33.9202066,1577154942000;-118.2095323,33.9205871,1577154945000;-118.2095475,33.9207574,1577154946000;-118.2095767,33.9210864,1577154949000;-118.2095921,33.9212593,1577154950000;-118.2096023,33.921431,1577154953000;-118.2096329,33.9219477,1577154957000;-118.2096547,33.922315499999996,1577154959000;-118.209695,33.9231697,1577154965000;-118.2097223,33.9236126,1577154969000;-118.209895,33.9251676,1577154982000;-118.2099499,33.9254819,1577154984000;-118.2101204,33.926035999999996,1577154988000;-118.2105077,33.927335,1577154999000;-118.2108963,33.9284992,1577155008000;-118.2112061,33.9295549,1577155017000;-118.2113306,33.9300699,1577155021000;-118.2113146,33.9300184,1577155021000;-118.2114647,33.9305009,1577155024000;-118.2116602,33.9311166,1577155031000;-118.2116524,33.9310919,1577155031000;-118.2117265,33.9313292,1577155032000;-118.2117185,33.9313036,1577155032000;-118.2117641,33.9314452,1577155033000;-118.2118318,33.9316541,1577155035000;-118.2118196,33.9316165,1577155035000;-118.2119112,33.9319214,1577155037000;-118.2121972,33.932885999999996,1577155044000;-118.2123161,33.9332084,1577155046000;-118.2124494,33.933631,1577155051000;-118.2126481,33.9342319,1577155056000;-118.2127389,33.934527,1577155058000;-118.2129515,33.9352152,1577155063000;-118.2130231,33.9354471,1577155065000;-118.213171,33.9359371,1577155068000;-118.2132666,33.9362532,1577155070000;-118.2132542,33.9362122,1577155070000;-118.2135429,33.936841,1577155075000;-118.2141404,33.9369073,1577155081000;-118.2144057,33.9369311,1577155083000;-118.2149341,33.9369767,1577155087000;-118.2154099,33.9370217,1577155090000;-118.2156044,33.9370397,1577155093000;-118.2160311,33.9370991,1577155098000;-118.2162085,33.9371163,1577155099000;-118.2165153,33.9371484,1577155102000;-118.2169482,33.9371938,1577155105000;-118.2171768,33.9372174,1577155106000;-118.2180442,33.937307,1577155112000;-118.2181386,33.9373168,1577155113000;-118.2190046,33.9374062,1577155119000;-118.2196697,33.9374749,1577155123000;-118.2199153,33.937500299999996,1577155125000;-118.2198512,33.9379123,1577155136000;-118.2207558,33.9380081,1577155146000;
-118.3966734,33.9950773,1575278110000;-118.3996601,33.9951161,1575278115000;-118.400025,33.9952004,1575278123000;-118.4006724,33.9954665,1575278127000;-118.4013614,33.9958896,1575278132000;-118.4018041,33.9961817,1575278136000;-118.4023801,33.996544,1575278140000;-118.4025131,33.9966299,1575278141000;-118.4030805,33.9969774,1575278145000;-118.403171,33.9970342,1575278146000;-118.4037583,33.9973948,1575278150000;-118.4043599,33.9977765,1575278155000;-118.4053126,33.9983529,1575278163000;-118.4061929,33.9989,1575278170000;-118.4070271,33.9994137,1575278177000;-118.4078617,33.9999236,1575278184000;-118.4078186,33.9998932,1575278184000;-118.4081085,34.0001645,1575278187000;-118.4083566,34.0004392,1575278190000;-118.408494,34.0006821,1575278192000;-118.408761,34.0010336,1575278197000;-118.4096185,34.0015172,1575278204000;-118.4106588,34.0018041,1575278211000;-118.4112922,34.0021393,1575278216000;-118.411794,34.0023961,1575278220000;-118.4114702,34.0026669,1575278233000;-118.4113992,34.0027522,1575278233000;-118.4110001,34.0032477,1575278238000;-118.4109069,34.0033607,1575278239000;-118.4110081,34.0035146,1575278243000;-118.4124899,34.005254,1575278262000;-118.4127192,34.0054947,1575278266000;-118.4134187,34.0060351,1575278269000;-118.4137491,34.0064542,1575278271000;-118.4158255,34.0090879,1575278281000;-118.4159895,34.0092951,1575278282000;-118.4176111,34.0113445,1575278290000;-118.418134,34.0120035,1575278293000;-118.4185725,34.0125623,1575278295000;-118.4188909,34.0129655,1575278297000;-118.4217073,34.0165242,1575278311000;-118.4282346,34.0247341,1575278344000;-118.4291056,34.0258122,1575278348000;-118.4306129,34.0277169,1575278356000;-118.4329719,34.0307055,1575278368000;-118.4352136,34.0328081,1575278377000;-118.4371158,34.0343921,1575278385000;-118.4380873,34.0359218,1575278391000;-118.4382727,34.0363295,1575278392000;-118.4386243,34.0370993,1575278395000;-118.440537,34.0400401,1575278406000;-118.4429163,34.0428494,1575278418000;-118.4434355,34.0435363,1575278420000;-118.4443351,34.0444438,1575278424000;-118.4475038,34.0481166,1575278439000;-118.4481053,34.0489278,1575278443000;-118.4492268,34.0515572,1575278452000;-118.4496709,34.0528346,1575278456000;-118.4498317,34.0533541,1575278461000;-118.4501481,34.0538272,1575278465000;-118.4519107,34.0561057,1575278487000;-118.4516649,34.05653,1575278491000;-118.4504791,34.0568901,1575278501000;-118.4506877,34.0566789,1575278503000;-118.4509607,34.0565194,1575278506000;-118.451209,34.0563727,1575278508000;-118.451618,34.0561363,1575278511000;-118.4518081,34.0560255,1575278514000;-118.4525507,34.0556055,1575278520000;-118.4529216,34.0553982,1575278523000;-118.45336,34.0551707,1575278527000;-118.4535881,34.0550711,1575278529000;-118.453743,34.0550079,1575278530000;-118.4545263,34.0547837,1575278535000;-118.4550078,34.0546434,1575278539000;-118.4552021,34.0545869,1575278540000;-118.4562741,34.0542844,1575278548000;-118.4579622,34.053328,1575278561000;-118.4583341,34.0525939,1575278568000;-118.4585762,34.0516182,1575278576000;-118.4585971,34.05154,1575278577000;-118.4598035,34.051654,1575278588000;-118.4599619,34.0518395,1575278590000;-118.4600771,34.0519801,1575278592000;-118.4604008,34.0523708,1575278595000;-118.4606059,34.0526138,1575278598000;-118.4615871,34.0537357,1575278609000;-118.4621164,34.0539025,1575278613000;-118.4623493,34.0539394,1575278614000;-118.4624926,34.0539552,1575278615000;-118.4635786,34.0540157,1575278622000;-118.4648098,34.0538846,1575278631000;-118.4657083,34.0537235,1575278637000;-118.4666402,34.0535259,1575278645000;-118.4669004,34.0534737,1575278649000;-118.4670629,34.0534389,1575278650000;-118.4676484,34.0533223,1575278654000;-118.4686997,34.0531042,1575278661000;-118.4696134,34.0529255,1575278668000;-118.4699087,34.0528673,1575278672000;-118.4702124,34.0528087,1575278674000;-118.47068,34.052714,1575278677000;-118.471339,34.052581,1575278682000;-118.4716585,34.0525175,1575278684000;-118.47298,34.0522569,1575278693000;-118.4735955,34.052122,1575278697000;-118.4738628,34.0520668,1575278699000;-118.4740298,34.0520323,1575278700000;-118.4741006,34.0520197,1575278701000;-118.4745361,34.0519421,1575278703000;-118.4756606,34.0517052,1575278713000;-118.4760898,34.0516199,1575278716000;-118.4763392,34.0515707,1575278718000;-118.479325,34.0509749,1575278738000;-118.4807676,34.0506883,1575278748000;-118.4814038,34.0505638,1575278752000;-118.4819633,34.05096,1575278770000;
-118.1905395,33.8080238,1576682595000;-118.192154,33.8116456,1576682620000;-118.1923136,33.8116456,1576682622000;-118.192679,33.8116457,1576682624000;-118.1930937,33.8116454,1576682627000;-118.1931949,33.8116458,1576682628000;-118.1937278,33.8116522,1576682632000;-118.1937285,33.8118487,1576682638000;-118.1937295,33.8120436,1576682639000;-118.1937245,33.8132571,1576682647000;-118.1937251,33.8134624,1576682648000;-118.1937242,33.8136674,1576682649000;-118.1938407,33.814876,1576682657000;-118.1939505,33.8151281,1576682659000;-118.194035,33.8153301,1576682660000;-118.1944466,33.8162347,1576682666000;-118.194642,33.8166666,1576682669000;-118.1947188,33.8168413,1576682670000;-118.1947371,33.8168827,1576682671000;-118.194837,33.8171146,1576682672000;-118.1950871,33.8176221,1576682676000;-118.1953797,33.8181094,1576682679000;-118.1954386,33.8181978,1576682680000;-118.1955432,33.8183541,1576682681000;-118.1956718,33.8185479,1576682682000;-118.1959225,33.8189255,1576682685000;-118.1950821,33.8189254,1576682698000;-118.1947859,33.818922,1576682700000;-118.1943889,33.8189218,1576682702000;-118.1937483,33.818914,1576682705000;-118.1937503,33.8190263,1576682711000;-118.193774,33.8193083,1576682715000;-118.1938286,33.819767,1576682719000;-118.194017,33.8213509,1576682732000;-118.1941078,33.8221593,1576682739000;-118.1940906,33.8224046,1576682741000;-118.1940879,33.8223422,1576682741000;-118.1940959,33.8224812,1576682742000;-118.1940924,33.8224481,1576682742000;-118.1941809,33.8227269,1576682744000;-118.194339,33.8242145,1576682757000;-118.1951387,33.8242118,1576682765000;-118.1957472,33.8242097,1576682770000;-118.1960242,33.8267228,1576682800000;-118.1962859,33.8289468,1576682822000;-118.1964446,33.8302144,1576682835000;-118.1969756,33.8297047,1576682848000;-118.1970748,33.8319813,1576682865000;
-118.2859702,33.9062996,1577122212000;-118.2851784,33.9062856,1577122223000;-118.2851664,33.9069029,1577122238000;-118.2851533,33.9074427,1577122248000;-118.2851456,33.909161,1577122283000;-118.2850474,33.9091611,1577122289000;-118.2842919,33.9091622,1577122296000;-118.2840646,33.9091625,1577122297000;-118.2836897,33.909163,1577122301000;-118.2834374,33.9091634,1577122303000;-118.2827223,33.9091659,1577122309000;-118.2827255,33.9087159,1577122319000;-118.2827281,33.9084008,1577122321000;-118.282727,33.908510899999996,1577122321000;-118.282729,33.9083172,1577122322000;-118.2827276,33.9081572,1577122323000;-118.2827296,33.9079675,1577122324000;-118.2827306,33.9077575,1577122326000;-118.2827312,33.9076368,1577122327000;-118.2827346,33.907435,1577122328000;-118.2827357,33.9072789,1577122329000;-118.2827361,33.907222,1577122330000;-118.2827369,33.9071091,1577122331000;-118.2827381,33.9069433,1577122332000;-118.2827426,33.9063081,1577122336000;-118.2827435,33.9061826,1577122337000;-118.2827447,33.9060044,1577122338000;-118.2827472,33.9056615,1577122341000;-118.2827487,33.9054474,1577122342000;-118.2827513,33.9050716,1577122345000;-118.2827525,33.9049071,1577122346000;-118.2827538,33.9047196,1577122347000;-118.2827545,33.9046222,1577122348000;-118.2827542,33.9045629,1577122349000;-118.282753,33.9043151,1577122350000;-118.2827526,33.9042327,1577122351000;-118.282756,33.9033741,1577122357000;-118.2827565,33.9032139,1577122358000;-118.2827572,33.9030718,1577122359000;-118.2827577,33.9028075,1577122361000;-118.2827588,33.9026695,1577122362000;-118.2827631,33.9023915,1577122364000;-118.2827662,33.9021919,1577122365000;-118.2827709,33.9018899,1577122368000;-118.2835599,33.9019537,1577122381000;-118.2835027,33.9019541,1577122381000;-118.2838367,33.9019516,1577122383000;-118.2840285,33.9019502,1577122384000;-118.2842253,33.9019462,1577122385000;-118.2851611,33.9019493,1577122391000;-118.2853114,33.901949099999996,1577122392000;-118.2861317,33.901948,1577122398000;-118.2862086,33.9019486,1577122399000;-118.2870724,33.9019556,1577122404000;-118.2871814,33.9019555,1577122405000;-118.2871567,33.9018378,1577122410000;-118.2870899,33.9002371,1577122420000;-118.2868758,33.8986879,1577122427000;-118.286759,33.8977607,1577122431000;-118.2863925,33.8961928,1577122439000;-118.2858831,33.892793499999996,1577122454000;-118.2858733,33.8925035,1577122455000;-118.2857976,33.8887941,1577122472000;-118.2856943,33.8855329,1577122487000;-118.2856779,33.8852462,1577122488000;-118.2855776,33.8843695,1577122492000;-118.285273,33.8818841,1577122503000;-118.2852602,33.881658,1577122504000;-118.2852429,33.8794582,1577122514000;-118.2852677,33.8792177,1577122515000;-118.2853905,33.8764466,1577122529000;-118.2868473,33.8728773,1577122548000;-118.2888144,33.8728715,1577122558000;-118.290326,33.8728686,1577122565000;-118.2906843,33.872867,1577122566000;-118.2909091,33.8728694,1577122567000;-118.2918933,33.8728916,1577122575000;-118.2918928,33.8731291,1577122590000;-118.2918921,33.8735004,1577122604000;-118.2920336,33.8735029,1577122610000;-118.2923104,33.8735077,1577122616000;-118.2923159,33.8733412,1577122625000;-118.2920336,33.8735029,1577122637000;
-118.419779,34.0597483,1575773630000;-118.4200348,34.0600011,1575773637000;-118.4207541,34.059823,1575773642000;-118.4209053,34.0597089,1575773645000;-118.4216764,34.0591802,1575773651000;-118.4224567,34.0586449,1575773656000;-118.4231855,34.0581918,1575773662000;-118.4233831,34.0580577,1575773663000;-118.4237579,34.0578032,1575773666000;-118.4239136,34.0576976,1575773667000;-118.4241537,34.0575351,1575773669000;-118.4245231,34.0572757,1575773674000;-118.426547,34.0558788,1575773690000;-118.4269648,34.0555727,1575773693000;-118.4272491,34.0553866,1575773697000;-118.4290603,34.0541668,1575773711000;-118.4294363,34.0539069,1575773714000;-118.4297417,34.0536967,1575773718000;-118.4310106,34.0528325,1575773728000;-118.4315312,34.0525227,1575773732000;-118.4321995,34.0520662,1575773739000;-118.432949,34.0515538,1575773745000;-118.4339719,34.0508367,1575773755000;-118.4341807,34.0507097,1575773756000;-118.4343735,34.0505923,1575773758000;-118.4358315,34.0501058,1575773767000;-118.4360079,34.0500607,1575773768000;-118.436333,34.0499753,1575773770000;-118.4364848,34.0499325,1575773771000;-118.4367622,34.0498554,1575773773000;-118.4369618,34.049799,1575773774000;-118.4374982,34.0496514,1575773780000;-118.43765140000001,34.0496106,1575773781000;-118.4393812,34.0491284,1575773791000;-118.4394351,34.0491131,1575773792000;-118.4396913,34.0490414,1575773793000;-118.4395733,34.0490741,1575773793000;-118.4399083,34.0489852,1575773795000;-118.4401517,34.0489162,1575773796000;-118.4403834,34.0488478,1575773800000;-118.4406515,34.0487684,1575773801000;-118.440542,34.0488011,1575773801000;-118.4426817,34.0481925,1575773814000;-118.4429947,34.0481049,1575773816000;-118.4433566,34.0480104,1575773818000;-118.4434943,34.0479698,1575773819000;-118.4443669,34.0477253,1575773825000;-118.4450046,34.0475237,1575773831000;-118.4456669,34.0473371,1575773835000;-118.4455982,34.0473576,1575773835000;-118.4458432,34.0472849,1575773836000;-118.4461331,34.0471261,1575773838000;-118.4461993,34.0471932,1575773847000;-118.4470629,34.0480376,1575773852000;-118.4472882,34.048232,1575773855000;-118.4475174,34.0484749,1575773857000;-118.4481053,34.0489278,1575773860000;-118.4492268,34.0515572,1575773870000;-118.4496709,34.0528346,1575773876000;-118.451575,34.0552828,1575773887000;-118.4544002,34.058737,1575773903000;-118.4548224,34.0592693,1575773905000;-118.4553283,34.0599156,1575773908000;-118.4636003,34.0694578,1575773953000;-118.4673381,34.0739448,1575773974000;-118.4687592,34.0757793,1575773982000;-118.4724584,34.0800136,1575774002000;-118.4730421,34.0807387,1575774005000;-118.4756143,34.0913581,1575774047000;-118.4758985,34.0930409,1575774053000;-118.4757605,34.0936416,1575774058000;-118.4757929,34.0944143,1575774064000;-118.4752598,34.0953169,1575774072000;-118.474993,34.0954169,1575774074000;-118.4751677,34.0958859,1575774081000;-118.4758431,34.0963494,1575774087000;-118.476097,34.0964112,1575774089000;-118.4777451,34.0967383,1575774102000;-118.4780851,34.0968542,1575774107000;-118.4782371,34.0969311,1575774108000;-118.4779701,34.096568,1575774122000;-118.4773956,34.0956906,1575774135000;
-118.2783359,33.7760746,1576097407000;-118.2783482,33.7756299,1576097408000;-118.2792197,33.7755933,1576097423000;-118.2793793,33.7759308,1576097428000;-118.2794122,33.7760124,1576097429000;-118.2795078,33.7764429,1576097432000;-118.2795284,33.7768823,1576097435000;-118.2795151,33.777336,1576097439000;-118.2794525,33.7777513,1576097442000;-118.2794423,33.7781402,1576097445000;-118.2794761,33.7785009,1576097447000;-118.2794848,33.7786201,1576097448000;-118.2795152,33.7790476,1576097451000;-118.280332,33.7790029,1576097459000;-118.2809177,33.7789782,1576097462000;-118.281543,33.7789396,1576097467000;-118.281972,33.7789115,1576097469000;-118.28225,33.778894,1576097470000;-118.2824789,33.7788812,1576097471000;-118.2835132,33.778826,1576097476000;-118.2845824,33.7787646,1576097481000;-118.286344,33.7786669,1576097489000;-118.2862961,33.7786696,1576097489000;-118.2864584,33.7786603,1576097492000;-118.2875071,33.7786,1576097496000;-118.287982,33.7785774,1576097499000;-118.2890238,33.7785276,1576097504000;-118.2896669,33.7785961,1576097507000;-118.2910198,33.7788481,1576097513000;-118.2922148,33.7790744,1576097519000;-118.2948162,33.7805212,1576097533000;-118.2952766,33.7807997,1576097536000;-118.2956178,33.7810061,1576097538000;-118.295903,33.781166,1576097540000;-118.296518,33.7815196,1576097543000;-118.2967553,33.7816549,1576097544000;-118.2969673,33.7817758,1576097546000;-118.2975148,33.7820855,1576097549000;-118.2979211,33.7823214,1576097553000;-118.2978169,33.7822614,1576097553000;-118.2981184,33.782435,1576097554000;-118.2984057,33.7826003,1576097556000;-118.29961,33.7832931,1576097566000;-118.3000464,33.7835442,1576097569000;-118.3020293,33.784507,1576097583000;-118.3030123,33.7849093,1576097589000;-118.3038982,33.7852863,1576097595000;-118.3042974,33.7854536,1576097598000;-118.3056248,33.786009899999996,1576097606000;-118.3071154,33.786649,1576097616000;-118.307604,33.7872277,1576097619000;-118.3076086,33.7873121,1576097620000;-118.3075661,33.7875386,1576097622000;-118.3075542,33.7878709,1576097624000;-118.3075498,33.7882261,1576097626000;-118.307549,33.7884567,1576097628000;-118.3075486,33.788575,1576097629000;-118.3075477,33.7888571,1576097631000;-118.3075465,33.7890219,1576097632000;-118.3075458,33.789228,1576097634000;-118.3075455,33.7894891,1576097635000;-118.3075478,33.7897277,1576097639000;-118.3075503,33.7899861,1576097641000;-118.3075502,33.7901526,1576097642000;-118.3075511,33.790213,1576097643000;-118.3075553,33.79049,1576097645000;-118.3075518,33.7909862,1576097648000;-118.3075564,33.7910913,1576097649000;-118.3075482,33.7914975,1576097652000;-118.3075447,33.7919915,1576097655000;-118.3075486,33.7921081,1576097656000;-118.307541,33.7925157,1576097659000;-118.3075367,33.7931372,1576097663000;-118.3075351,33.7933704,1576097665000;-118.3075319,33.7938174,1576097668000;-118.3075287,33.7942697,1576097671000;-118.3075327,33.7943687,1576097672000;-118.3075252,33.7947714,1576097675000;-118.3075229,33.7951074,1576097677000;-118.3075217,33.7952722,1576097678000;-118.3075262,33.7954147,1576097679000;-118.307518,33.7957898,1576097682000;-118.3075146,33.7962729,1576097685000;-118.3075158,33.7964055,1576097686000;-118.307513,33.7967895,1576097689000;-118.3075145,33.7971651,1576097692000;-118.3075075,33.7972846,1576097692000;-118.3075063,33.7973786,1576097693000;-118.307505,33.7978297,1576097696000;-118.3075002,33.7983116,1576097702000;-118.3075,33.7985106,1576097703000;-118.3074974,33.798716,1576097705000;-118.3074575,33.8003366,1576097716000;-118.307441,33.8009449,1576097720000;-118.3074009,33.8045775,1576097748000;-118.307394,33.8049496,1576097750000;-118.3074192,33.805867,1576097759000;-118.3075183,33.8067418,1576097765000;-118.3076061,33.807183,1576097768000;-118.3077562,33.8078019,1576097773000;-118.3079295,33.8083707,1576097777000;-118.30804,33.8087364,1576097779000;-118.3083521,33.8097117,1576097788000;-118.3084314,33.809962999999996,1576097790000;-118.3084129,33.8099017,1576097790000;-118.3085071,33.810213,1576097792000;-118.3086654,33.8109254,1576097797000;-118.3087211,33.8112611,1576097800000;-118.3088665,33.8112611,1576097803000;-118.3104236,33.8112617,1576097820000;-118.3104442,33.8119896,1576097830000;-118.3091836,33.8119941,1576097843000;
-118.3058534,34.0912973,1575942195000;-118.30574,34.0907866,1575942207000;-118.3059884,34.0907854,1575942214000;-118.306243,34.0907857,1575942218000;-118.3064554,34.0907842,1575942220000;-118.3067399,34.0907845,1575942222000;-118.3069687,34.0907825,1575942224000;-118.3063878,34.0900109,1575942235000;-118.3052659,34.0886282,1575942245000;-118.3039331,34.0871396,1575942254000;-118.3007491,34.0848723,1575942269000;-118.3001947,34.0844897,1575942272000;-118.2991652,34.0837866,1575942277000;-118.29857200000001,34.0833606,1575942280000;-118.297363,34.0824776,1575942286000;-118.2951966,34.0811293,1575942296000;-118.2944322,34.0807807,1575942299000;-118.2932035,34.0801992,1575942305000;-118.288483,34.0782633,1575942324000;-118.2870934,34.0781446,1575942330000;-118.2865196,34.0780929,1575942332000;-118.2860257,34.0780343,1575942334000;-118.2858,34.0780028,1575942335000;-118.2847012,34.0778003,1575942339000;-118.284153,34.0776753,1575942341000;-118.2823376,34.077261,1575942348000;-118.2813645,34.0770408,1575942352000;-118.2794394,34.0765685,1575942359000;-118.2790154,34.0764419,1575942361000;-118.2774218,34.0759819,1575942367000;-118.2723802,34.0743685,1575942387000;-118.271986,34.0741908,1575942389000;-118.2712572,34.073828,1575942392000;-118.2695928,34.0730556,1575942399000;-118.2685276,34.0724563,1575942404000;-118.2683095,34.0723157,1575942406000;-118.268083,34.0721745,1575942407000;-118.267459,34.0718119,1575942410000;-118.2671492,34.0716434,1575942411000;-118.2666576,34.0723991,1575942422000;-118.2663687,34.0728698,1575942428000;-118.2658979,34.073679,1575942434000;-118.265831,34.0737892,1575942435000;-118.2655571,34.0742247,1575942439000;-118.2654874,34.0743447,1575942440000;-118.2654178,34.0744589,1575942441000;-118.2653958,34.0744974,1575942443000;-118.2652897,34.074674,1575942444000;-118.2649584,34.0752094,1575942449000;-118.2648278,34.075419,1575942452000;-118.2646849,34.0756679,1575942456000;-118.2644078,34.0761206,1575942460000;-118.2642281,34.0764112,1575942462000;-118.2636464,34.0773497,1575942470000;-118.2634827,34.0776229,1575942472000;-118.2629337,34.0777128,1575942478000;-118.2621204,34.0778499,1575942483000;-118.2617665,34.0779078,1575942485000;-118.2617106,34.077916,1575942486000;-118.2611312,34.0780069,1575942491000;-118.2609067,34.0780479,1575942492000;-118.2606862,34.0780695,1575942494000;-118.2604566,34.0780617,1575942495000;-118.2603353,34.0780389,1575942496000;-118.2598435,34.0778419,1575942499000;-118.259674,34.0777686,1575942500000;-118.2593994,34.07765,1575942502000;-118.2590875,34.0775151,1575942506000;-118.2589229,34.0774441,1575942507000;-118.2584092,34.0772223,1575942510000;-118.2580257,34.0770557,1575942515000;-118.257846,34.0769763,1575942516000;-118.2573608,34.0767639,1575942519000;-118.2570902,34.0772101,1575942528000;-118.2570672,34.0772463,1575942529000;-118.2570029,34.0773485,1575942530000;-118.2569712,34.077394,1575942531000;-118.2568905,34.0775245,1575942532000;-118.2567443,34.0777606,1575942535000;-118.2564801,34.0781824,1575942542000;-118.2555958,34.0795763,1575942557000;-118.2554173,34.0798644,1575942561000;-118.2552117,34.0801675,1575942566000;-118.2549408,34.0806157,1575942571000;-118.2546177,34.0812452,1575942578000;-118.2541498,34.0814394,1575942585000;-118.2539181,34.0815537,1575942587000;-118.2536427,34.0816927,1575942590000;-118.2533607,34.0818384,1575942592000;-118.2532256,34.0819081,1575942594000;-118.2530738,34.0819866,1575942595000;-118.252801,34.0821275,1575942598000;-118.2526109,34.0822249,1575942600000;-118.2525412,34.0822609,1575942601000;-118.2522401,34.0824155,1575942603000;-118.2522033,34.0824346,1575942604000;-118.252106,34.0824852,1575942605000;-118.251746,34.0826725,1575942608000;-118.2516836,34.0827043,1575942609000;-118.2510534,34.0830255,1575942615000;-118.2509284,34.0830882,1575942616000;-118.2508259,34.0831363,1575942618000;-118.2499421,34.0826051,1575942632000;-118.2488531,34.083981,1575942648000;
-118.3053106,34.0445388,1576788134000;-118.3052834,34.0435776,1576788142000;-118.3043136,34.0435824,1576788151000;-118.3041419,34.0435824,1576788154000;-118.3033597,34.0435864,1576788161000;-118.3027864,34.0435871,1576788165000;-118.3025157,34.0435902,1576788167000;-118.3019396,34.0435947,1576788171000;-118.3017871,34.0435959,1576788172000;-118.3016163,34.0436034,1576788173000;-118.301475,34.0436096,1576788174000;-118.3010561,34.0436555,1576788177000;-118.3007546,34.0425618,1576788184000;-118.3005774,34.0407207,1576788199000;-118.3003499,34.0399757,1576788205000;-118.3008106,34.0399712,1576788214000;
-118.4224599,34.2412105,1577459145000;-118.4239844,34.2401061,1577459160000;-118.424131,34.240245,1577459167000;-118.4244912,34.2405742,1577459171000;-118.4247414,34.2408075,1577459174000;-118.4250509,34.241094,1577459177000;-118.4255621,34.2415747,1577459182000;-118.425726,34.2417267,1577459184000;-118.4259184,34.2419071,1577459186000;-118.4261023,34.2420796,1577459188000;-118.4263024,34.2419289,1577459193000;-118.42642,34.2418404,1577459194000;-118.4265327,34.2417556,1577459195000;-118.4266065,34.2417005,1577459196000;-118.4269899,34.2414126,1577459199000;-118.4270933,34.241335,1577459200000;-118.4274465,34.2410698,1577459202000;-118.4276982,34.2408907,1577459204000;-118.4290291,34.2399239,1577459215000;-118.4293625,34.239684,1577459217000;-118.4299709,34.2392478,1577459224000;-118.432072,34.2377172,1577459238000;-118.4326525,34.2372981,1577459242000;-118.4332479,34.2368692,1577459249000;-118.4338824,34.2363971,1577459253000;-118.4341936,34.2361766,1577459255000;-118.43461,34.2358684,1577459258000;-118.4349626,34.2356147,1577459261000;-118.4354744,34.2352417,1577459265000;-118.4363353,34.2353158,1577459273000;-118.4362564,34.2353149,1577459273000;-118.4395834,34.2353508,1577459292000;-118.4398714,34.2353539,1577459294000;-118.4404368,34.2353552,1577459297000;-118.4407171,34.2357226,1577459303000;-118.4406841,34.235678300000004,1577459303000;-118.4408998,34.2359671,1577459305000;-118.440835,34.2358825,1577459305000;-118.4410444,34.2361744,1577459307000;-118.4411762,34.2363593,1577459309000;-118.4414784,34.2368239,1577459312000;-118.4414161,34.2367255,1577459312000;-118.4417854,34.2372833,1577459316000;-118.4423367,34.2381081,1577459323000;-118.4424888,34.238342,1577459325000;-118.4426025,34.2385072,1577459326000;-118.4428175,34.2388315,1577459329000;-118.4430229,34.239147,1577459331000;-118.4431342,34.2393133,1577459332000;-118.443201,34.2394085,1577459333000;-118.4435219,34.2399242,1577459337000;-118.4439012,34.24051,1577459344000;-118.4447069,34.2417076,1577459354000;-118.4447746,34.2418292,1577459355000;-118.4449568,34.2421044,1577459357000;-118.4453184,34.2426545,1577459361000;-118.4458703,34.2435026,1577459370000;-118.4461262,34.2438966,1577459373000;-118.4466439,34.2447153,1577459380000;-118.4469675,34.2452165,1577459384000;-118.4472213,34.2456062,1577459387000;-118.4473783,34.2458338,1577459389000;-118.4475616,34.2461287,1577459391000;-118.4476505,34.2462651,1577459392000;-118.4476088,34.2462011,1577459392000;-118.4480808,34.2461175,1577459402000;-118.4482969,34.2465529,1577459410000;
-118.205389,33.9963231,1577378651000;-118.205387,33.9964785,1577378654000;-118.2053857,33.9965744,1577378656000;-118.2053848,33.9966496,1577378657000;-118.2052154,33.9966529,1577378664000;-118.2047051,33.9966683,1577378668000;-118.2046886,33.9956882,1577378684000;-118.2046474,33.9942185,1577378696000;-118.2046019,33.993134,1577378705000;-118.2045836,33.9922241,1577378712000;-118.204555,33.9906988,1577378725000;-118.204559,33.9903857,1577378727000;-118.2045481,33.9901204,1577378730000;-118.2045421,33.9896134,1577378734000;-118.204536,33.989107,1577378738000;-118.2054821,33.9891952,1577378752000;-118.2057398,33.9891974,1577378753000;-118.2056385,33.9891956,1577378753000;-118.2061044,33.9891982,1577378755000;-118.20596570000001,33.9891979,1577378755000;-118.2063737,33.9891988,1577378757000;-118.2069848,33.9892,1577378761000;-118.2075455,33.9892012,1577378764000;-118.2084018,33.989203,1577378769000;-118.2092842,33.9892006,1577378776000;-118.2096691,33.9891996,1577378778000;-118.2097889,33.9891993,1577378779000;-118.2100398,33.9891986,1577378780000;-118.2102362,33.9891981,1577378782000;-118.2109173,33.9891963,1577378786000;-118.2115459,33.989195099999996,1577378789000;-118.2120138,33.9892456,1577378792000;-118.2122227,33.9892456,1577378793000;-118.2128046,33.9892476,1577378797000;-118.2138674,33.989248,1577378805000;-118.2142116,33.9892468,1577378807000;-118.2147491,33.9892456,1577378810000;-118.2148268,33.9892455,1577378811000;-118.2151677,33.9892497,1577378813000;-118.2155782,33.9892499,1577378815000;-118.216105,33.989214,1577378818000;-118.2165049,33.9892065,1577378823000;-118.2185559,33.9892045,1577378834000;-118.2184786,33.9892046,1577378834000;-118.2188198,33.9892043,1577378836000;-118.2193602,33.9891996,1577378839000;-118.2193521,33.9889242,1577378846000;-118.2193481,33.9887822,1577378847000;-118.2193078,33.9871976,1577378860000;-118.2193016,33.9869693,1577378862000;-118.2192592,33.9854532,1577378874000;-118.2192551,33.9853184,1577378875000;-118.2192446,33.9849458,1577378878000;-118.2192443,33.9847503,1577378880000;-118.2192304,33.984367,1577378883000;-118.2192258,33.9842385,1577378884000;-118.2192175,33.9840271,1577378886000;-118.2192002,33.9835359,1577378890000;-118.2191906,33.9830159,1577378894000;-118.219173,33.9820574,1577378902000;-118.2191712,33.9819712,1577378903000;-118.2191649,33.9816182,1577378906000;-118.2188205,33.9815401,1577378911000;-118.2187114,33.9815154,1577378911000;-118.2181075,33.9813477,1577378916000;-118.2175004,33.9812814,1577378920000;-118.2168827,33.9812164,1577378924000;-118.2162698,33.9811498,1577378928000;-118.2156525,33.9810804,1577378933000;-118.2147229,33.9809873,1577378939000;-118.2146681,33.9806093,1577378948000;-118.2146664,33.9805365,1577378948000;-118.2146881,33.980429,1577378950000;-118.2146396,33.979363,1577378960000;-118.2145101,33.9766413,1577378968000;
-118.2385728,33.8935911,1575424033000;-118.2384865,33.8928031,1575424044000;-118.2380098,33.8928038,1575424051000;-118.2373642,33.8928047,1575424058000;-118.2362675,33.8928415,1575424072000;-118.2352683,33.8928963,1575424083000;-118.2345957,33.8927472,1575424091000;-118.2328171,33.8902908,1575424132000;-118.2328054,33.8897486,1575424140000;-118.2322912,33.8897488,1575424147000;-118.2323708,33.8908252,1575424154000;
-118.443255,34.2968075,1576828243000;-118.4427494,34.2972499,1576828251000;-118.4427042,34.2972156,1576828256000;-118.4422061,34.2968373,1576828261000;-118.4426343,34.2964563,1576828270000;-118.4431821,34.2959689,1576828276000;-118.4448983,34.2944407,1576828292000;-118.4451959,34.2941783,1576828295000;-118.4467869,34.2927654,1576828311000;-118.4475296,34.2921215,1576828318000;-118.4480025,34.2917059,1576828323000;-118.4483462,34.2913799,1576828328000;-118.4485454,34.2912619,1576828330000;-118.4486713,34.2911494,1576828331000;-118.4490095,34.2907685,1576828335000;-118.4494535,34.2903953,1576828341000;-118.450228,34.289825,1576828350000;-118.4507748,34.2894165,1576828355000;-118.4516214,34.2887977,1576828362000;-118.4528486,34.2879183,1576828373000;-118.4568422,34.2850092,1576828408000;-118.4580086,34.2841459,1576828419000;-118.4575581,34.2836254,1576828428000;-118.4552785,34.2805761,1576828456000;-118.4550986,34.2803994,1576828458000;-118.4549739,34.2802886,1576828459000;-118.4547218,34.2800657,1576828462000;-118.454532,34.2798815,1576828464000;-118.4539799,34.2793491,1576828471000;-118.4539042,34.2792761,1576828472000;-118.4536846,34.2790644,1576828475000;-118.4535317,34.2789169,1576828476000;-118.4535155,34.2789013,1576828476000;-118.4533481,34.2787399,1576828478000;-118.4529519,34.2783651,1576828482000;-118.452679,34.2781063,1576828485000;-118.4525248,34.2779594,1576828486000;-118.4520817,34.2775394,1576828491000;-118.4519012,34.2773654,1576828495000;-118.4516917,34.277162,1576828497000;-118.4513231,34.2768137,1576828501000;-118.4509848,34.2764893,1576828504000;-118.450844,34.2763598,1576828505000;-118.4506375,34.27617,1576828507000;-118.4504568,34.2760017,1576828509000;-118.4499928,34.2755661,1576828514000;-118.4495177,34.2751186,1576828519000;-118.4494555,34.2750608,1576828519000;-118.4492333,34.2748507,1576828522000;-118.4491106,34.2747392,1576828525000;-118.4487477,34.274386,1576828531000;-118.4486959,34.2743396,1576828531000;-118.4486017,34.2742553,1576828532000;-118.4483666,34.2740448,1576828534000;-118.4482013,34.273889,1576828538000;-118.4481656,34.2738563,1576828538000;-118.4480267,34.2737273,1576828540000;
-118.2578504,34.0293348,1576193070000;-118.2582586,34.0295215,1576193076000;-118.258338,34.0295628,1576193078000;-118.259111,34.0285789,1576193095000;-118.2596055,34.028803,1576193104000;-118.260127,34.0290391,1576193108000;-118.2608994,34.0294067,1576193113000;-118.2613274,34.0296104,1576193116000;-118.2623669,34.0300949,1576193125000;-118.2631604,34.0304563,1576193130000;-118.2632662,34.0305078,1576193131000;-118.263489,34.0306155,1576193132000;-118.2639047,34.0308097,1576193137000;-118.263852,34.0307859,1576193137000;-118.2640199,34.0308625,1576193138000;-118.2645936,34.031128,1576193142000;-118.2649774,34.0312955,1576193146000;-118.2651457,34.0313691,1576193148000;-118.2656471,34.0315877,1576193151000;-118.2660154,34.0317539,1576193155000;-118.2666822,34.0320549,1576193160000;-118.2669471,34.0321742,1576193163000;-118.2670429,34.0322173,1576193164000;-118.2672671,34.0323183,1576193166000;-118.2675063,34.0324259,1576193167000;-118.2671818,34.0328674,1576193178000;-118.267091,34.0329965,1576193179000;-118.2668647,34.0333116,1576193182000;-118.2665409,34.0337442,1576193186000;-118.2656968,34.0332621,1576193197000;
-118.3091619,34.0852178,1576534979000;-118.3091647,34.084896,1576534981000;-118.3091612,34.0847823,1576534981000;-118.3091606,34.0846236,1576534983000;-118.3091596,34.084609,1576534983000;-118.3091566,34.0844881,1576534984000;-118.3091524,34.0840856,1576534986000;-118.3091506,34.0839125,1576534988000;-118.3091465,34.0835113,1576534990000;-118.3086008,34.0835123,1576534998000;-118.30848399999999,34.083513,1576534999000;-118.3080171,34.0835159,1576535002000;-118.3077815,34.0835207,1576535004000;-118.3069377,34.0835201,1576535010000;-118.3066371,34.083526,1576535012000;-118.3063811,34.0835249,1576535013000;-118.3057756,34.0835302,1576535018000;-118.3055571,34.0835339,1576535019000;-118.3053422,34.0835351,1576535021000;-118.305324,34.0835352,1576535021000;-118.3051086,34.0835363,1576535022000;-118.3048835,34.0835371,1576535024000;-118.3046207,34.0835354,1576535025000;-118.3043751,34.0835392,1576535027000;-118.3042044,34.0835395,1576535028000;-118.3039543,34.0835401,1576535030000;-118.3034645,34.083536,1576535035000;-118.3032229,34.0835374,1576535037000;-118.3030215,34.0835359,1576535038000;-118.3027927,34.0835385,1576535040000;-118.3023993,34.0835445,1576535043000;-118.3023339,34.0835455,1576535043000;-118.3020116,34.0835504,1576535045000;-118.30192890000001,34.0835508,1576535046000;-118.3016536,34.0835523,1576535048000;-118.3013193,34.0835529,1576535052000;-118.3011303,34.0835556,1576535053000;-118.3009966,34.0835554,1576535054000;-118.3007348,34.0835549,1576535056000;-118.3004722,34.0835544,1576535057000;-118.30006,34.0835573,1576535062000;-118.2997001,34.0835598,1576535064000;-118.2992624,34.0835628,1576535066000;-118.2992631,34.0827836,1576535082000;-118.2996249,34.0827831,1576535093000;
-118.3638429,34.1397802,1577138248000;-118.3653741,34.1399656,1577138250000;-118.3652223,34.1399705,1577138250000;-118.3660558,34.1399481,1577138256000;-118.3669005,34.1398269,1577138262000;-118.3675379,34.139412,1577138266000;-118.3669126,34.1396982,1577138280000;-118.3662642,34.1398321,1577138284000;-118.3659569,34.1398361,1577138285000;-118.3652734,34.1398518,1577138289000;-118.3651211,34.139854,1577138292000;-118.3642937,34.1397822,1577138297000;-118.3635559,34.139553,1577138302000;-118.3630008,34.1393286,1577138307000;-118.3622022,34.1389989,1577138313000;-118.3611826,34.1387131,1577138325000;-118.3608022,34.1387135,1577138329000;-118.3584857,34.1386927,1577138351000;-118.3578411,34.1384649,1577138359000;-118.3572577,34.1379098,1577138368000;-118.3570667,34.1376418,1577138372000;-118.3569101,34.1373896,1577138375000;-118.3567764,34.137452,1577138381000;-118.3569197,34.137711,1577138387000;-118.357122,34.1379644,1577138391000;-118.3572577,34.1379098,1577138395000;-118.3578945,34.1378906,1577138406000;-118.3577843,34.136326,1577138424000;
-118.443013,34.2086286,1575158916000;-118.4432407,34.208115,1575158928000;-118.4432415,34.2073351,1575158961000;-118.4432417,34.2071449,1575158969000;-118.4443834,34.2071557,1575158984000;-118.4480811,34.2071416,1575159014000;-118.4481919,34.2071368,1575159015000;-118.4487066,34.2071214,1575159020000;-118.4488413,34.2071221,1575159023000;-118.4488389,34.2059629,1575159035000;-118.448838,34.205581,1575159038000;-118.448838,34.2054252,1575159039000;-118.4488378,34.2052415,1575159040000;-118.4488378,34.2052986,1575159040000;-118.4488378,34.205062,1575159042000;-118.4488379,34.2048366,1575159043000;-118.448838,34.2044895,1575159048000;-118.4488359,34.2039341,1575159052000;-118.4488381,34.2037496,1575159053000;-118.4488382,34.2034081,1575159055000;-118.4488383,34.2031662,1575159057000;-118.4488401,34.2030273,1575159058000;-118.4488384,34.2024811,1575159062000;-118.4488383,34.2019695,1575159065000;-118.4488383,34.2018394,1575159066000;-118.4488383,34.2018642,1575159066000;-118.4488382,34.2016474,1575159068000;-118.4488379,34.2012022,1575159071000;-118.4492778,34.201202,1575159081000;-118.4494856,34.2012019,1575159082000;-118.4495923,34.2012019,1575159083000;-118.4495555,34.2012019,1575159083000;-118.4498541,34.2012018,1575159084000;-118.4503534,34.2012016,1575159087000;-118.4504237,34.2012016,1575159088000;-118.4508962,34.2012013,1575159091000;-118.4507739,34.2007465,1575159096000;
-118.3054722,34.1680268,1575662265000;-118.3061301,34.168501,1575662275000;-118.3060138,34.1686099,1575662281000;-118.3057984,34.1688092,1575662283000;-118.3056908,34.1689126,1575662284000;-118.3056235,34.168975,1575662284000;-118.3054864,34.1691041,1575662286000;-118.3052658,34.1692745,1575662290000;-118.3026112,34.1687471,1575662301000;-118.3015868,34.1681606,1575662306000;-118.3008442,34.1675895,1575662309000;-118.3002022,34.1671402,1575662312000;-118.2970269,34.164821,1575662325000;-118.2962694,34.1642827,1575662328000;-118.2939767,34.1621618,1575662339000;-118.2935423,34.1615438,1575662342000;-118.293223,34.1609755,1575662344000;-118.290716,34.1568089,1575662362000;-118.2893129,34.1553057,1575662369000;-118.2888255,34.1548861,1575662372000;-118.2839769,34.1521941,1575662390000;-118.2833192,34.1521598,1575662393000;-118.2830435,34.1521674,1575662394000;-118.2820307,34.1522455,1575662397000;-118.2799775,34.1526876,1575662404000;-118.2793472,34.1528369,1575662406000;-118.2792056,34.152869,1575662406000;-118.2774341,34.1532884,1575662412000;-118.2751023,34.1538436,1575662420000;-118.2714255,34.1546754,1575662432000;-118.2708791,34.1548,1575662433000;-118.2702791,34.1549234,1575662435000;-118.2679795,34.1554614,1575662443000;-118.2647264,34.1560843,1575662453000;-118.2642186,34.1560805,1575662456000;-118.2619956,34.1560871,1575662464000;-118.261163,34.1561013,1575662468000;-118.2597474,34.1560315,1575662473000;-118.2594645,34.156022,1575662474000;-118.25911550000001,34.1560243,1575662475000;-118.2583738,34.1560479,1575662478000;-118.2579577,34.1560606,1575662480000;-118.257955,34.1556192,1575662490000;-118.2579529,34.1552671,1575662493000;-118.2579515,34.1550361,1575662497000;-118.2579505,34.1548679,1575662498000;-118.2579492,34.1546491,1575662499000;-118.2579471,34.154286,1575662504000;-118.2579461,34.1541185,1575662505000;-118.2579445,34.1538466,1575662507000;-118.2579441,34.1537835,1575662508000;-118.2579422,34.15346,1575662510000;-118.257942,34.1534282,1575662510000;-118.2579418,34.1533985,1575662510000;-118.2579412,34.1533016,1575662511000;-118.2579389,34.1529088,1575662514000;-118.2579379,34.1527448,1575662517000;-118.257936,34.152426,1575662521000;-118.2579354,34.152319,1575662522000;-118.2579345,34.1521665,1575662523000;-118.2579344,34.1521567,1575662523000;-118.2579336,34.1520236,1575662524000;-118.2579317,34.1517171,1575662527000;-118.2579289,34.151243,1575662532000;-118.2579272,34.150961,1575662534000;-118.2579262,34.1507983,1575662535000;-118.257927,34.1505247,1575662537000;-118.2579314,34.1503455,1575662539000;-118.2579288,34.1498728,1575662542000;-118.2579241,34.1495564,1575662546000;-118.257922,34.1494181,1575662547000;-118.2579192,34.1492269,1575662549000;-118.2579153,34.1489669,1575662550000;-118.2579163,34.1485102,1575662554000;-118.2579172,34.14806,1575662557000;-118.2579136,34.1476698,1575662562000;-118.2579121,34.1475023,1575662563000;-118.2579102,34.1472974,1575662564000;-118.2579061,34.1468545,1575662568000;-118.2579021,34.1461255,1575662575000;-118.2579032,34.145845,1575662577000;-118.2579037,34.1454412,1575662580000;-118.2580892,34.1454479,1575662591000;
-118.3428916,33.9062206,1577817784000;-118.3436387,33.906144,1577817795000;-118.343859,33.9061334,1577817798000;-118.3438592,33.905873,1577817802000;-118.3438589,33.9055484,1577817804000;-118.3438549,33.9052537,1577817808000;-118.3438545,33.9048812,1577817813000;-118.3438541,33.9045254,1577817815000;-118.3438539,33.9043433,1577817817000;-118.3438537,33.9041311,1577817818000;-118.3438538,33.903973,1577817819000;-118.3438538,33.9038553,1577817820000;-118.3438538,33.903952,1577817820000;-118.3438538,33.9035451,1577817822000;-118.343853,33.9035998,1577817822000;-118.343853,33.9034222,1577817823000;-118.343853,33.9032697,1577817824000;-118.3438539,33.9030053,1577817826000;-118.343853,33.9030554,1577817826000;-118.3438525,33.9029114,1577817827000;-118.3438512,33.9027578,1577817828000;-118.3438507,33.902785,1577817828000;-118.3438559,33.9025113,1577817830000;-118.3438556,33.9024739,1577817830000;-118.3438551,33.9025552,1577817830000;-118.3438549,33.9023672,1577817831000;-118.3438536,33.902169,1577817832000;-118.3438518,33.9019059,1577817834000;-118.3441362,33.9019025,1577817843000;-118.3443441,33.9019037,1577817844000;-118.3444851,33.9019031,1577817845000;-118.3443823,33.9019035,1577817845000;-118.3447093,33.9019021,1577817846000;-118.3449844,33.9019044,1577817848000;-118.3452513,33.9019045,1577817850000;-118.3455944,33.9019045,1577817852000;-118.3458858,33.9019046,1577817853000;-118.3462818,33.9019046,1577817856000;-118.3466715,33.9019047,1577817858000;-118.3470893,33.9019042,1577817861000;-118.3485983,33.9019031,1577817869000;-118.3495061,33.9019024,1577817875000;-118.3498295,33.9018995,1577817877000;-118.3500037,33.9018967,1577817878000;-118.3503044,33.9018939,1577817879000;-118.3513361,33.9018911,1577817885000;-118.3512108,33.9018914,1577817885000;-118.3516846,33.9018913,1577817887000;-118.3519139,33.9018915,1577817889000;-118.3520805,33.9018916,1577817890000;-118.352383,33.9018918,1577817892000;-118.352748,33.901889,1577817896000;-118.353036,33.9018899,1577817899000;-118.3531978,33.9018904,1577817900000;-118.3530996,33.9018901,1577817900000;-118.3535925,33.9018958,1577817903000;-118.3535511,33.9018952,1577817903000;-118.3538304,33.9019004,1577817904000;-118.3537986,33.9018998,1577817904000;-118.35433570000001,33.9019039,1577817907000;-118.3548394,33.9019074,1577817910000;-118.3553335,33.9019041,1577817913000;-118.3558349,33.9019008,1577817916000;-118.3564325,33.9018943,1577817919000;-118.3563268,33.9018955,1577817919000;-118.3566686,33.9018918,1577817921000;-118.3568223,33.9018901,1577817922000;-118.3571646,33.9018895,1577817924000;-118.3573525,33.9018897,1577817925000;-118.3574776,33.9018886,1577817926000;-118.357649,33.9018877,1577817927000;-118.3579475,33.9018894,1577817928000;-118.358211,33.9018909,1577817930000;-118.3581678,33.9018907,1577817930000;-118.3584591,33.9018923,1577817931000;-118.3589067,33.9018948,1577817934000;-118.3594795,33.901898,1577817937000;-118.3593497,33.9018973,1577817937000;-118.3597224,33.901892,1577817939000;-118.3601303,33.9018796,1577817941000;-118.3606089,33.9018306,1577817944000;-118.3609312,33.9018076,1577817946000;-118.3612914,33.9018138,1577817948000;-118.3615231,33.9018625,1577817952000;-118.3629945,33.9018685,1577817960000;-118.3635114,33.9018706,1577817963000;-118.3641886,33.9018733,1577817967000;-118.365074,33.9018784,1577817973000;-118.3663487,33.9018855,1577817980000;-118.3664837,33.9018862,1577817981000;-118.367076,33.9018887,1577817984000;-118.3676736,33.9018886,1577817990000;-118.3687732,33.9018873,1577817996000;-118.3693287,33.9018882,1577817999000;-118.369671,33.901894,1577818003000;-118.36975580000001,33.9022657,1577818008000;-118.3701991,33.904341099999996,1577818018000;-118.3703565,33.905173500000004,1577818023000;-118.3703554,33.9092589,1577818038000;-118.3703559,33.9097084,1577818040000;-118.3703548,33.9120466,1577818049000;-118.3703194,33.9150037,1577818060000;-118.3702405,33.9157257,1577818063000;-118.3702212,33.915859,1577818063000;-118.370174,33.9161756,1577818065000;-118.3700962,33.9166241,1577818066000;-118.3693482,33.9199875,1577818079000;-118.3691027,33.9210957,1577818084000;-118.3689923,33.9215924,1577818086000;-118.3685442,33.9236013,1577818094000;-118.3684543,33.9241156,1577818095000;-118.3682683,33.9266231,1577818105000;-118.3682827,33.9297218,1577818117000;-118.3682824,33.9305908,1577818120000;-118.3682904,33.9311808,1577818123000;-118.3683005,33.9332138,1577818130000;-118.3683007,33.9346932,1577818136000;-118.3683012,33.9354681,1577818139000;-118.3682813,33.9407696,1577818159000;-118.3683402,33.9483317,1577818188000;-118.3683803,33.9487581,1577818190000;-118.3690462,33.9518606,1577818202000;-118.3692112,33.9527697,1577818205000;-118.3692735,33.953330199999996,1577818207000;-118.3693043,33.9613414,1577818238000;-118.3702431,33.964856499999996,1577818252000;-118.3708031,33.96666,1577818259000;-118.3753354,33.9706035,1577818280000;-118.3754924,33.9707853,1577818281000;-118.3767154,33.9715301,1577818287000;-118.3776533,33.9721033,1577818291000;-118.3777398,33.9720305,1577818295000;-118.3782993,33.9715522,1577818301000;-118.377181,33.9710801,1577818312000;-118.3763046,33.9707136,1577818314000;
-118.2703368,33.8459926,1577146426000;-118.2666176,33.8424752,1577146444000;-118.2659581,33.8418154,1577146447000;-118.2654541,33.841121799999996,1577146451000;-118.2652167,33.8407951,1577146453000;-118.2650269,33.840567,1577146454000;-118.2650569,33.8394341,1577146460000;-118.2651564,33.8392444,1577146461000;-118.265233,33.8391179,1577146463000;-118.2646586,33.838876,1577146469000;-118.2641986,33.838772399999996,1577146472000;-118.2637235,33.8387082,1577146475000;-118.2635632,33.8386871,1577146478000;-118.2635342,33.8388244,1577146483000;-118.2634665,33.8390564,1577146486000;-118.2632173,33.8397017,1577146491000;-118.2633412,33.8398567,1577146494000;-118.2636039,33.8401033,1577146498000;-118.2642166,33.8406384,1577146501000;-118.2647809,33.8410971,1577146506000;-118.2650919,33.841371099999996,1577146508000;-118.2654456,33.8415673,1577146510000;-118.265647,33.8417749,1577146511000;-118.2677778,33.8439701,1577146522000;-118.2715307,33.8472215,1577146539000;-118.2723117,33.84778,1577146542000;-118.2782287,33.8518283,1577146566000;-118.2787831,33.8524504,1577146570000;-118.2790503,33.8526888,1577146572000;-118.2800497,33.8535524,1577146574000;
-118.2450422,33.8326262,1576188000000;-118.2441108,33.8326201,1576188007000;-118.2441222,33.8317857,1576188021000;-118.2441226,33.8316734,1576188025000;-118.2441195,33.8313771,1576188031000;-118.2441061,33.830084,1576188048000;-118.2440995,33.8295266,1576188055000;-118.2440954,33.8291809,1576188060000;-118.2440913,33.8288374,1576188065000;-118.2440911,33.8288205,1576188065000;-118.2440911,33.8284087,1576188070000;-118.2440911,33.8279011,1576188077000;-118.2436552,33.8278929,1576188083000;-118.2422664,33.8278949,1576188094000;-118.2415435,33.8278978,1576188100000;-118.2410056,33.8279063,1576188105000;-118.2411376,33.8275159,1576188117000;-118.2413122,33.8270248,1576188121000;-118.2414847,33.8265495,1576188127000;-118.2416426,33.8261579,1576188131000;-118.2419187,33.8254327,1576188137000;-118.2420669,33.8250056,1576188142000;-118.2420369,33.8250923,1576188142000;-118.2420908,33.8249368,1576188143000;-118.2422405,33.8245782,1576188146000;-118.2423039,33.8244652,1576188147000;-118.2424699,33.8242509,1576188149000;-118.2433082,33.8242568,1576188158000;-118.2433471,33.824257,1576188159000;-118.2435562,33.8242579,1576188160000;-118.2436292,33.8242582,1576188161000;-118.245075,33.8243235,1576188171000;-118.2452626,33.824324,1576188172000;-118.2457024,33.8243251,1576188175000;-118.24664250000001,33.8243273,1576188179000;-118.247037,33.8243282,1576188182000;-118.247857,33.8243261,1576188186000;-118.2481315,33.8243254,1576188187000;-118.2485563,33.8243243,1576188189000;-118.2489227,33.8243234,1576188191000;-118.2495014,33.8243219,1576188195000;-118.2500572,33.8243205,1576188199000;-118.2501117,33.8243204,1576188200000;-118.2505845,33.8243192,1576188203000;-118.2516129,33.8243168,1576188210000;-118.2520668,33.8243158,1576188213000;-118.2526468,33.8243145,1576188217000;-118.2528718,33.824314,1576188218000;-118.2541222,33.8243112,1576188227000;-118.2549589,33.8243094,1576188233000;-118.2563909,33.8242993,1576188242000;-118.2570444,33.8242953,1576188247000;-118.2570463,33.8245796,1576188256000;-118.25705,33.8251214,1576188263000;-118.2570527,33.8257347,1576188271000;-118.2570438,33.826116999999996,1576188272000;
-118.484436,34.0167007,1576450961000;-118.4849176,34.0162967,1576450964000;-118.4851165,34.0161246,1576450966000;-118.4853832,34.0159126,1576450968000;-118.4858553,34.0155575,1576450972000;-118.4863062,34.0152617,1576450975000;-118.4870757,34.0158294,1576450989000;-118.487426,34.0161163,1576450992000;-118.4875251,34.0161942,1576450993000;-118.4878119,34.0164518,1576450996000;-118.4880549,34.016661,1576450999000;-118.488204,34.0167894,1576451000000;-118.4883005,34.0168697,1576451003000;-118.4889232,34.017395,1576451011000;-118.4892267,34.0176495,1576451014000;-118.4893435,34.0177474,1576451015000;-118.4898202,34.0181583,1576451020000;-118.490009,34.0183196,1576451024000;-118.4906218,34.0188497,1576451030000;-118.4907946,34.0189992,1576451032000;-118.4911287,34.0192796,1576451035000;-118.4911071,34.0192615,1576451035000;-118.491374,34.0194884,1576451038000;-118.4915525,34.0193524,1576451044000;-118.4917003,34.0192397,1576451045000;-118.4917525,34.0191999,1576451046000;-118.4918644,34.0191146,1576451047000;-118.4919975,34.0190051,1576451048000;-118.4921392,34.0188885,1576451050000;-118.4923327,34.0187292,1576451052000;-118.4924998,34.0185961,1576451056000;-118.4928097,34.0183491,1576451059000;-118.4930597,34.0181452,1576451062000;-118.4932838,34.0179625,1576451064000;-118.4936234,34.0176938,1576451069000;-118.4937527,34.0175912,1576451070000;-118.4938775,34.0174848,1576451072000;-118.49422440000001,34.0171889,1576451076000;-118.4944263,34.0170259,1576451080000;-118.4946966,34.0168077,1576451083000;-118.4951621,34.0164264,1576451089000;-118.4954589,34.0166821,1576451100000;-118.4960621,34.0172011,1576451107000;-118.4964166,34.0175433,1576451111000;-118.4963955,34.0175247,1576451111000;-118.4963687,34.0174991,1576451111000;-118.4966888,34.0177771,1576451115000;-118.4971841,34.0173768,1576451125000;-118.4956399,34.0160401,1576451146000;
-118.4021175,34.2029525,1577753618000;-118.3975872,34.2032252,1577753638000;-118.397061,34.2029206,1577753656000;-118.3968846,34.2028878,1577753659000;-118.3965803,34.2028946,1577753664000;-118.3965737,34.2011197,1577753682000;-118.3965848,34.2006766,1577753685000;-118.3976988,34.2008581,1577753700000;-118.3980814,34.2009216,1577753703000;-118.3981098,34.2008214,1577753705000;-118.3976316,34.2007463,1577753710000;-118.3974581,34.2007191,1577753711000;-118.3965817,34.2005557,1577753717000;-118.3964434,34.2005313,1577753719000;-118.3964435,34.2006455,1577753726000;-118.3964509,34.2029859,1577753744000;-118.3964535,34.2032452,1577753746000;-118.3964561,34.2036471,1577753749000;-118.3964549,34.2038398,1577753750000;-118.3964525,34.2042433,1577753753000;-118.3964509,34.2045112,1577753755000;-118.3965173,34.2048247,1577753757000;-118.396518,34.2049316,1577753758000;-118.3965191,34.205082,1577753759000;-118.3965217,34.2053844,1577753761000;-118.3965209,34.2052937,1577753761000;-118.3965225,34.2055732,1577753763000;-118.3965249,34.2057655,1577753764000;-118.3965237,34.2060725,1577753766000;-118.3965231,34.2062093,1577753767000;-118.3965225,34.2063606,1577753768000;-118.3965188,34.2072774,1577753775000;-118.3958788,34.2072222,1577753790000;
-118.3024031,34.0635506,1576072106000;-118.3023461,34.0635508,1576072106000;-118.3021849,34.0635528,1576072107000;-118.3021459,34.0635533,1576072108000;-118.3016137,34.0635599,1576072111000;-118.3011011,34.0635609,1576072117000;-118.3008846,34.0635624,1576072118000;-118.3007553,34.0635633,1576072119000;-118.3003752,34.0635659,1576072122000;-118.2998388,34.0635696,1576072127000;-118.2996568,34.0635708,1576072128000;-118.2992133,34.0635739,1576072131000;-118.2986857,34.0635751,1576072137000;-118.2984853,34.0635755,1576072138000;-118.2979513,34.0635823,1576072142000;-118.2976213,34.0635827,1576072146000;-118.2974068,34.0635829,1576072147000;-118.2969888,34.0635877,1576072150000;-118.2966547,34.0635915,1576072152000;-118.296131,34.0635925,1576072158000;-118.29594230000001,34.0635929,1576072159000;-118.295402,34.0635969,1576072163000;-118.2953838,34.0633468,1576072172000;-118.295381,34.062964,1576072175000;-118.2953982,34.0617703,1576072184000;-118.2954174,34.060923,1576072193000;-118.2954148,34.0602855,1576072198000;-118.2954128,34.0597905,1576072202000;-118.295413,34.0597472,1576072203000;-118.2954129,34.0597066,1576072203000;-118.2954118,34.0592638,1576072207000;-118.2954112,34.0590723,1576072208000;-118.295407,34.0577322,1576072219000;-118.2948682,34.0577378,1576072227000;-118.2947924,34.0577376,1576072227000;-118.294141,34.0577375,1576072231000;-118.293818,34.0577357,1576072234000;-118.2935364,34.0577361,1576072236000;-118.2929123,34.0577423,1576072240000;-118.2926683,34.0577473,1576072243000;-118.2923999,34.0577546,1576072245000;-118.2922831,34.0577555,1576072246000;-118.2916398,34.0577589,1576072250000;-118.2905434,34.0577303,1576072260000;-118.289889,34.0577205,1576072264000;-118.2890827,34.057725,1576072269000;-118.2882523,34.0577261,1576072275000;-118.2876258,34.0577314,1576072279000;-118.2872397,34.0577307,1576072282000;-118.2868834,34.0577315,1576072284000;-118.2864698,34.0577363,1576072287000;-118.284656,34.0577382,1576072299000;-118.2845661,34.0577398,1576072299000;-118.2842311,34.0577113,1576072302000;-118.283933,34.0576023,1576072306000;-118.2837203,34.0575083,1576072307000;-118.2836066,34.0574547,1576072308000;-118.2834358,34.0573795,1576072310000;-118.2831557,34.0572561,1576072312000;-118.2826298,34.0570097,1576072316000;-118.2824318,34.0569235,1576072317000;-118.2823971,34.0569084,1576072318000;-118.2820902,34.0567724,1576072320000;-118.2815833,34.056551,1576072324000;-118.281527,34.0565261,1576072324000;-118.281205,34.0570264,1576072335000;-118.2808049,34.0576559,1576072336000;
-118.3028725,34.1930262,1577318350000;-118.3053186,34.1907172,1577318359000;-118.305804,34.191071,1577318370000;-118.30626,34.1913975,1577318375000;-118.306745,34.1917564,1577318381000;-118.3072566,34.1921349,1577318386000;-118.3077529,34.1924907,1577318392000;-118.308235,34.1928407,1577318397000;-118.3087411,34.1932209,1577318403000;-118.3092375,34.193572,1577318408000;-118.3097201,34.1939212,1577318414000;-118.3102021,34.1942757,1577318419000;-118.3107549,34.1946802,1577318425000;-118.3110991,34.194932,1577318429000;-118.3120055,34.1955968,1577318442000;-118.3128756,34.196223,1577318452000;-118.3136179,34.1967572,1577318460000;-118.3143348,34.1972862,1577318468000;-118.3150498,34.1978121,1577318476000;-118.3157592,34.1983403,1577318484000;-118.3165003,34.1988579,1577318492000;-118.3172236,34.1993886,1577318500000;-118.3179367,34.1999229,1577318508000;-118.3198525,34.2013426,1577318529000;-118.3210237,34.2021881,1577318542000;-118.3217007,34.2026925,1577318550000;-118.3224052,34.2032146,1577318558000;-118.3231223,34.2037213,1577318565000;-118.3237978,34.2042207,1577318573000;-118.3245137,34.2047464,1577318581000;-118.3252213,34.2052648,1577318587000;-118.3257397,34.2056482,1577318592000;-118.3259092,34.2057693,1577318593000;-118.3261711,34.2059553,1577318596000;-118.3277925,34.2069114,1577318609000;-118.3289339,34.2067518,1577318617000;-118.3298442,34.2065375,1577318623000;-118.3291939,34.2052265,1577318629000;
-118.369498,34.2185318,1576369713000;-118.3699976,34.2188474,1576369715000;-118.3700893,34.2189236,1576369718000;-118.3701908,34.2185797,1576369729000;-118.3697308,34.2182408,1576369739000;-118.369498,34.2185318,1576369744000;-118.3693185,34.2187562,1576369747000;-118.3692745,34.2188112,1576369747000;-118.3690372,34.2190914,1576369750000;-118.369305,34.2192754,1576369756000;-118.3694265,34.2193585,1576369757000;-118.3696551,34.2195195,1576369758000;-118.3697914,34.2196092,1576369759000;-118.3701942,34.2198705,1576369762000;-118.3707731,34.22025,1576369767000;-118.3711241,34.2204933,1576369769000;-118.3718443,34.2209896,1576369775000;-118.3723397,34.2213253,1576369778000;-118.3726041,34.2215015,1576369780000;-118.3734043,34.2220489,1576369787000;-118.3737273,34.2222694,1576369789000;-118.3740557,34.2225012,1576369792000;-118.3743261,34.2226797,1576369794000;-118.3749021,34.2230773,1576369798000;-118.3752246,34.2232868,1576369800000;-118.375761,34.2236578,1576369804000;-118.376095,34.2238888,1576369807000;-118.3767609,34.2243412,1576369812000;-118.3769315,34.2244592,1576369813000;-118.3774381,34.2248047,1576369817000;-118.377951,34.2251573,1576369823000;-118.3781084,34.2252655,1576369824000;-118.3783913,34.2254599,1576369826000;-118.3788547,34.2258018,1576369830000;-118.37925680000001,34.2260986,1576369833000;-118.3802675,34.2268764,1576369841000;-118.3810361,34.2274761,1576369847000;-118.3816751,34.2270667,1576369854000;-118.3866411,34.2266659,1576369875000;-118.387007,34.226626,1576369876000;-118.3912596,34.2281562,1576369891000;-118.3915705,34.2283039,1576369892000;-118.3991073,34.2309156,1576369918000;-118.4029835,34.2315347,1576369931000;-118.4043364,34.2317525,1576369935000;-118.4070062,34.2322347,1576369944000;-118.40813,34.2325799,1576369947000;-118.4094651,34.233271,1576369952000;-118.4098755,34.233572,1576369954000;-118.4127949,34.236065,1576369967000;-118.414429,34.2374825,1576369975000;-118.4152859,34.2383019,1576369979000;-118.4157625,34.2387437,1576369981000;-118.4160843,34.2390486,1576369983000;-118.4192848,34.2420253,1576369998000;-118.4220581,34.2446618,1576370011000;-118.4224274,34.245009,1576370013000;-118.4230455,34.24559,1576370016000;-118.4246959,34.247141,1576370024000;-118.4270965,34.2494213,1576370036000;-118.4284081,34.2506629,1576370042000;-118.4287421,34.2509804,1576370043000;-118.431117,34.2532004,1576370055000;-118.4331132,34.2550533,1576370064000;-118.4347329,34.2565841,1576370072000;-118.4350977,34.2569266,1576370074000;-118.4387302,34.260363,1576370091000;-118.4402317,34.2620595,1576370099000;-118.4407288,34.2628043,1576370102000;-118.440968,34.2631796,1576370104000;-118.4418787,34.2646111,1576370110000;-118.4421491,34.2650377,1576370112000;-118.4434804,34.2668866,1576370120000;-118.4461638,34.2694416,1576370133000;-118.4472492,34.270477,1576370139000;-118.4475601,34.270819,1576370140000;-118.4492684,34.2731096,1576370150000;-118.4495816,34.2735353,1576370152000;-118.4498017,34.2739453,1576370154000;-118.4501688,34.2744589,1576370157000;-118.451201,34.2755103,1576370163000;-118.4517699,34.2762188,1576370167000;-118.4525516,34.2771212,1576370172000;-118.4524632,34.2771841,1576370178000;-118.4524056,34.2772249,1576370178000;-118.4522255,34.2773528,1576370180000;-118.4520817,34.2775394,1576370182000;-118.4517407,34.2777838,1576370187000;-118.4516375,34.2778566,1576370188000;-118.4514074,34.2780227,1576370190000;-118.4507549,34.2784974,1576370196000;-118.4501108,34.278966,1576370202000;-118.449452,34.279445,1576370208000;-118.4487946,34.2799236,1576370216000;-118.4481686,34.280379,1576370221000;-118.4475147,34.2808548,1576370227000;-118.4468708,34.2813233,1576370233000;-118.4462404,34.2817819,1576370239000;-118.4455845,34.2822685,1576370245000;-118.444936,34.2827385,1576370250000;-118.4446369,34.2829582,1576370253000;-118.4445443,34.2830264,1576370254000;-118.4442897,34.2832209,1576370256000;-118.4449666,34.2838345,1576370269000;-118.4455784,34.2843593,1576370279000;-118.445895,34.284677,1576370285000;-118.4467709,34.2855541,1576370296000;
-118.3474438,34.0782568,1576307867000;-118.34745,34.0802634,1576307877000;-118.347451,34.0807641,1576307886000;-118.3474536,34.0818436,1576307903000;-118.3474622,34.0830683,1576307922000;-118.3474565,34.0834978,1576307929000;-118.34624,34.0834742,1576307943000;-118.3454025,34.0834573,1576307950000;-118.3451792,34.0834525,1576307952000;-118.3449372,34.0834511,1576307954000;-118.3447332,34.0834454,1576307955000;-118.3445956,34.0834489,1576307956000;-118.3444703,34.0834481,1576307957000;-118.3440635,34.0834457,1576307959000;-118.344062,34.0837596,1576307966000;-118.3440618,34.0838027,1576307966000;-118.3440604,34.0839972,1576307968000;-118.3440603,34.0841262,1576307969000;-118.3440596,34.0842702,1576307970000;-118.3440573,34.0847539,1576307974000;-118.3440549,34.0852584,1576307978000;-118.3440563,34.0857669,1576307984000;-118.3440584,34.086513,1576307990000;-118.3440586,34.086572,1576307991000;-118.34406010000001,34.0870893,1576307995000;-118.3440616,34.0875942,1576308001000;-118.3440639,34.0883841,1576308007000;-118.3440654,34.0888991,1576308011000;-118.3440691,34.0894613,1576308018000;-118.3440688,34.0894129,1576308018000;-118.3440733,34.0900992,1576308023000;-118.344074,34.0901999,1576308024000;-118.3440749,34.0906966,1576308028000;-118.3440778,34.0912481,1576308034000;-118.3440779,34.0912899,1576308035000;-118.3440789,34.0915648,1576308037000;-118.3440802,34.0919175,1576308040000;-118.3440811,34.0921584,1576308042000;-118.3440825,34.0925457,1576308045000;-118.3440881,34.0929383,1576308050000;-118.3440901,34.0930997,1576308051000;-118.3440962,34.0935546,1576308055000;-118.3441009,34.0939045,1576308058000;-118.3441066,34.0943231,1576308061000;-118.3441086,34.094563,1576308065000;-118.3441093,34.0947333,1576308066000;-118.3441095,34.0947574,1576308067000;-118.3441123,34.0951882,1576308070000;-118.3441156,34.0956841,1576308074000;-118.3441187,34.096144,1576308078000;-118.3441219,34.0965017,1576308081000;-118.3441241,34.0967366,1576308083000;-118.3441291,34.09727,1576308087000;-118.3441305,34.0974601,1576308088000;-118.3441312,34.0974944,1576308089000;-118.3441353,34.0977758,1576308091000;-118.3441358,34.0979863,1576308093000;-118.3436796,34.0979844,1576308103000;-118.3434708,34.0979835,1576308104000;-118.3433188,34.0979829,1576308105000;-118.342738,34.0979805,1576308109000;-118.3426972,34.0979803,1576308110000;-118.3425176,34.0979796,1576308111000;-118.3423229,34.0979782,1576308112000;-118.3420998,34.0979774,1576308114000;-118.3420152,34.0979772,1576308114000;-118.3415576,34.0979756,1576308117000;-118.3413712,34.0979748,1576308119000;-118.3410643,34.0979735,1576308121000;-118.3404967,34.0979712,1576308124000;-118.3401387,34.0979724,1576308127000;-118.3397958,34.0979736,1576308129000;-118.3386842,34.0979775,1576308136000;-118.3383138,34.0979774,1576308141000;-118.3380236,34.0979773,1576308143000;-118.3379033,34.0979798,1576308144000;-118.3375567,34.0979871,1576308146000;-118.3373181,34.0979882,1576308148000;-118.33674070000001,34.0979909,1576308151000;-118.3366141,34.0979915,1576308152000;-118.336318,34.0979955,1576308156000;-118.3358215,34.0979964,1576308159000;
-118.341307,33.8768189,1576965875000;-118.3413255,33.8776337,1576965886000;-118.3413291,33.8777958,1576965888000;-118.3413366,33.8781259,1576965893000;-118.3424132,33.8777684,1576965904000;-118.342623,33.877698699999996,1576965905000;-118.3429329,33.8775958,1576965907000;-118.3431257,33.8775303,1576965908000;-118.3438198,33.8772946,1576965913000;-118.3438216,33.8770153,1576965917000;-118.3438227,33.8768716,1576965918000;-118.3438224,33.8768831,1576965918000;-118.3438237,33.8768162,1576965919000;-118.3438284,33.8766382,1576965920000;-118.343897,33.876312,1576965922000;-118.3439923,33.8761237,1576965924000;-118.3443463,33.8752297,1576965931000;-118.344271,33.8746901,1576965935000;-118.3438709,33.8736214,1576965943000;-118.3438768,33.8733353,1576965945000;-118.3438763,33.872887399999996,1576965948000;-118.343878,33.8727626,1576965951000;-118.3438862,33.8724039,1576965956000;-118.3438851,33.8720252,1576965959000;-118.3438785,33.8713601,1576965964000;-118.3438827,33.8710185,1576965967000;-118.3438774,33.870663,1576965970000;-118.3438768,33.8699509,1576965976000;-118.3437619,33.8699502,1576965979000;-118.3417063,33.8698724,1576966002000;-118.340607,33.869915,1576966012000;
-118.4032615,34.0729827,1575167504000;-118.404282,34.0722836,1575167511000;-118.4053244,34.0715745,1575167526000;-118.40471170000001,34.0709567,1575167536000;-118.4046132,34.0708549,1575167539000;-118.4046096,34.0708512,1575167539000;-118.4045832,34.0708239,1575167539000;-118.4045785,34.070819,1575167539000;-118.4043689,34.0706024,1575167542000;-118.403011,34.0691789,1575167559000;-118.4018199,34.0679824,1575167573000;-118.4016169,34.0677772,1575167575000;-118.4012783,34.0674363,1575167581000;-118.4011935,34.06742,1575167582000;-118.4010593,34.0670602,1575167585000;-118.4002082,34.0670615,1575167594000;-118.3999738,34.067061,1575167598000;-118.3998744,34.0670615,1575167598000;-118.3997521,34.0670613,1575167599000;-118.3991135,34.0670604,1575167603000;-118.3983473,34.0670594,1575167609000;-118.398225,34.0670592,1575167610000;-118.3981108,34.0670602,1575167611000;-118.3979887,34.0670613,1575167612000;-118.3975276,34.0670594,1575167614000;-118.3969621,34.0670593,1575167620000;-118.3966356,34.0670572,1575167623000;-118.3965233,34.0670565,1575167624000;-118.3964059,34.0670586,1575167625000;-118.3959261,34.0670674,1575167628000;-118.3953995,34.0670654,1575167633000;-118.3952837,34.067065,1575167633000;-118.3949042,34.0670628,1575167636000;-118.394607,34.0670583,1575167637000;-118.3944438,34.0670559,1575167638000;-118.3940766,34.0670561,1575167640000;-118.3938557,34.0670537,1575167644000;-118.3934982,34.0670538,1575167648000;-118.3928176,34.0670494,1575167652000;-118.3925899,34.0670568,1575167653000;-118.3924805,34.0670604,1575167654000;-118.3922377,34.0670585,1575167655000;-118.3918034,34.0670547,1575167658000;-118.3915195,34.0670574,1575167659000;-118.3912422,34.0670545,1575167661000;-118.3909509,34.0670516,1575167663000;-118.3907538,34.0670521,1575167664000;-118.3905414,34.0670498,1575167665000;-118.3902341,34.0670464,1575167667000;-118.3896875,34.0670451,1575167670000;-118.38922,34.0670445,1575167675000;-118.3890115,34.0670473,1575167676000;-118.3886889,34.0670516,1575167678000;-118.3883255,34.0670527,1575167680000;-118.3880553,34.0670536,1575167682000;-118.3876833,34.0670611,1575167684000;-118.3874274,34.0670605,1575167685000;-118.3872185,34.0670601,1575167687000;-118.3866985,34.0670584,1575167690000;-118.3861587,34.067058,1575167695000;-118.3859471,34.0670584,1575167696000;-118.3856899,34.0670589,1575167698000;-118.3853248,34.0670528,1575167700000;-118.3852358,34.0670513,1575167700000;-118.3849629,34.0670468,1575167702000;-118.3846933,34.0670453,1575167703000;-118.3844362,34.0670433,1575167705000;-118.3841746,34.0670413,1575167706000;-118.3837096,34.0670359,1575167709000;-118.3832954,34.0669387,1575167714000;-118.3831839,34.066908,1575167714000;-118.3829699,34.0668555,1575167716000;-118.3826168,34.0667762,1575167718000;-118.3821807,34.0666658,1575167721000;-118.3821274,34.0666523,1575167721000;-118.3818955,34.0665936,1575167722000;-118.3815608,34.0665146,1575167724000;-118.3811961,34.0664194,1575167727000;-118.3810066,34.0663699,1575167728000;-118.3804896,34.0662431,1575167731000;-118.3800371,34.066133,1575167736000;-118.3797916,34.0660758,1575167737000;-118.3794143,34.0659879,1575167739000;-118.3789653,34.0658679,1575167742000;-118.3786866,34.0658041,1575167744000;-118.378348,34.06572,1575167746000;-118.3779431,34.0656177,1575167748000;-118.3776463,34.0655437,1575167750000;-118.37729,34.0654548,1575167752000;-118.3769447,34.0653656,1575167754000;-118.3767,34.0653024,1575167756000;-118.3762224,34.0651766,1575167759000;-118.375602,34.0650355,1575167765000;-118.3753897,34.0649848,1575167766000;-118.3751641,34.0649309,1575167767000;-118.3748456,34.0648491,1575167769000;-118.3745408,34.0647704,1575167771000;-118.3743793,34.0647298,1575167772000;-118.3740984,34.0646591,1575167774000;-118.3730007,34.0643539,1575167783000;-118.3726269,34.0642674,1575167785000;-118.3725327,34.0642456,1575167786000;-118.3723306,34.0642046,1575167787000;-118.3718886,34.0641241,1575167789000;-118.3715826,34.0640723,1575167793000;-118.3710681,34.0640124,1575167798000;-118.3697188,34.063867,1575167806000;-118.3695578,34.063849,1575167807000;-118.3688777,34.0637732,1575167811000;-118.3683241,34.0637565,1575167814000;-118.3682987,34.0637535,1575167815000;-118.3680688,34.0637258,1575167818000;-118.3678148,34.0636953,1575167819000;-118.3675257,34.0636622,1575167821000;-118.3674284,34.0636511,1575167822000;-118.3673233,34.0636391,1575167822000;-118.3670278,34.0636053,1575167824000;-118.3669566,34.0635971,1575167825000;-118.366679,34.0635652,1575167826000;-118.3662338,34.0635141,1575167829000;-118.3661926,34.0635096,1575167829000;-118.3653392,34.0634172,1575167833000;
-118.326885,34.188938,1575525959000;-118.3260676,34.1883685,1575525966000;-118.3259356,34.1885045,1575525975000;-118.3258152,34.1886286,1575525982000;-118.3256811,34.1887668,1575525989000;-118.3255534,34.1888983,1575525996000;-118.3254282,34.1890273,1575526002000;-118.325237,34.1892244,1575526012000;-118.3239683,34.1882768,1575526028000;-118.3236653,34.1880398,1575526030000;-118.3235263,34.1879066,1575526031000;-118.3233061,34.1875971,1575526034000;-118.3229901,34.186947,1575526039000;-118.3228951,34.1867515,1575526040000;-118.322655,34.1862574,1575526044000;-118.3225811,34.1860985,1575526045000;-118.32250930000001,34.1859455,1575526046000;-118.3225058,34.185938,1575526046000;-118.3224185,34.1857517,1575526048000;-118.3221832,34.1852484,1575526054000;-118.3221424,34.1851546,1575526054000;-118.3220732,34.1849953,1575526056000;-118.3219608,34.1847433,1575526057000;-118.3219476,34.1847138,1575526058000;-118.3219205,34.184653,1575526058000;-118.3217314,34.1842845,1575526061000;-118.3206799,34.1846211,1575526071000;-118.3194829,34.1850157,1575526079000;-118.3193209,34.1850686,1575526080000;-118.3190624,34.1851411,1575526082000;-118.3186956,34.1845052,1575526093000;-118.3176879,34.1835427,1575526104000;-118.313469,34.1800894,1575526144000;-118.3133126,34.1799777,1575526146000;-118.3130743,34.1797984,1575526148000;-118.3120218,34.1790268,1575526157000;-118.3118829,34.1789241,1575526159000;-118.3104615,34.1779086,1575526171000;-118.3101211,34.1776584,1575526174000;-118.3096956,34.1773494,1575526178000;-118.3095887,34.177267,1575526179000;-118.3092313,34.1770145,1575526182000;-118.3090128,34.1768601,1575526184000;-118.3082334,34.1763909,1575526191000;-118.3076827,34.1768553,1575526196000;-118.3075719,34.1769587,1575526197000;-118.3075468,34.1769821,1575526198000;-118.3073734,34.177144,1575526199000;-118.3072155,34.1772913,1575526201000;-118.3070039,34.1774888,1575526203000;-118.3067612,34.1777184,1575526207000;-118.3067435,34.1777351,1575526208000;-118.3066358,34.1778358,1575526208000;-118.3065841,34.1778853,1575526209000;-118.3065654,34.1779031,1575526209000;-118.3059556,34.1784784,1575526215000;-118.3057268,34.1786942,1575526217000;-118.3053684,34.1784159,1575526227000;-118.3049711,34.1780839,1575526230000;-118.3047893,34.1779523,1575526232000;-118.3040531,34.1774149,1575526237000;-118.3038608,34.177271,1575526239000;-118.3031839,34.1767693,1575526244000;-118.3028214,34.1765096,1575526247000;-118.3027595,34.176464,1575526247000;-118.302131,34.1760078,1575526252000;-118.3018727,34.1758221,1575526254000;-118.3013194,34.1754129,1575526261000;-118.301052,34.1752192,1575526263000;-118.300847,34.1750675,1575526264000;-118.3006646,34.1749348,1575526266000;-118.3005449,34.1748516,1575526267000;-118.3002962,34.1747271,1575526268000;-118.2998907,34.1744223,1575526272000;-118.299574,34.1747246,1575526279000;-118.2995117,34.1747841,1575526280000;-118.2993913,34.174899,1575526281000;-118.2992504,34.1750335,1575526283000;-118.2987019,34.175557,1575526288000;-118.2980226,34.1762053,1575526295000;-118.2980021,34.1762248,1575526296000;-118.2979818,34.1762442,1575526296000;-118.2978259,34.1763931,1575526297000;-118.2975023,34.1767019,1575526301000;-118.2973783,34.1768301,1575526304000;-118.2975572,34.1769658,1575526310000;-118.2977798,34.1771346,1575526312000;-118.2983005,34.1775296,1575526316000;-118.2992618,34.1782325,1575526325000;-118.2998479,34.178649300000004,1575526330000;-118.3002403,34.1789284,1575526334000;-118.2997891,34.1793566,1575526347000;-118.299073,34.1800361,1575526359000;-118.2986422,34.1804417,1575526366000;
-118.1956828,33.9651117,1576816318000;-118.1956568,33.9652932,1576816323000;-118.1956491,33.9653659,1576816326000;-118.1966829,33.965478,1576816339000;-118.196853,33.9654936,1576816341000;-118.1971939,33.9654847,1576816345000;-118.1988328,33.966827,1576816360000;-118.2000986,33.9680935,1576816372000;-118.2011477,33.9693749,1576816383000;-118.201972,33.9706215,1576816393000;-118.2022867,33.9711852,1576816397000;-118.2021667,33.9718051,1576816402000;-118.201877,33.9717742,1576816410000;-118.2017689,33.9717625,1576816411000;-118.2016378,33.9717471,1576816412000;-118.2012265,33.9717036,1576816414000;-118.2007733,33.9716544,1576816417000;-118.200511,33.971626,1576816419000;-118.2004561,33.97162,1576816419000;-118.19950299999999,33.9715166,1576816424000;-118.1992414,33.971494899999996,1576816426000;-118.1989349,33.9714659,1576816428000;-118.1988834,33.9718497,1576816435000;-118.1988778,33.9718983,1576816436000;-118.1988116,33.9723991,1576816443000;-118.1986547,33.9733102,1576816455000;-118.1985912,33.9737472,1576816461000;-118.1985663,33.9739186,1576816463000;-118.1985374,33.9741172,1576816466000;-118.198507,33.9743199,1576816468000;-118.1984804,33.974497,1576816471000;-118.1983975,33.9750527,1576816478000;-118.198318,33.9755782,1576816485000;-118.1981485,33.9767053,1576816501000;-118.1980788,33.977161100000004,1576816507000;-118.1980313,33.9774722,1576816511000;-118.1980255,33.9775101,1576816511000;-118.1979894,33.9777467,1576816515000;-118.1979749,33.9778398,1576816516000;-118.1980919,33.9778522,1576816520000;-118.1985217,33.9778979,1576816521000;
-118.23083,34.0760891,1576933812000;-118.2300569,34.0749932,1576933815000;-118.2293687,34.0743596,1576933829000;-118.2299334,34.0732563,1576933852000;-118.2306704,34.0750695,1576933888000;-118.2311596,34.0749415,1576933895000;-118.2317196,34.0747858,1576933903000;-118.2312434,34.0736224,1576933915000;-118.2322715,34.0741864,1576933931000;-118.2329825,34.0756664,1576933944000;-118.2332938,34.074321,1576933962000;-118.2347522,34.0727257,1576933969000;-118.2352857,34.071568,1576933973000;-118.2355033,34.0711546,1576933975000;-118.2361925,34.0697568,1576933980000;-118.2407955,34.0666406,1576933997000;-118.2426302,34.0656899,1576934003000;-118.2455323,34.0648514,1576934011000;-118.248389,34.0631009,1576934021000;-118.2493291,34.0622678,1576934025000;-118.2499912,34.0616793,1576934028000;-118.2502018,34.061491,1576934029000;-118.2518222,34.0601832,1576934035000;-118.252946,34.0592744,1576934039000;-118.2536613,34.0585904,1576934042000;-118.2535813,34.0586695,1576934042000;-118.2545269,34.0576762,1576934046000;-118.254774,34.0574273,1576934047000;-118.257319,34.0547952,1576934058000;-118.2603871,34.0517813,1576934072000;-118.2624627,34.0505147,1576934079000;-118.2629617,34.0502102,1576934081000;-118.2641281,34.0495104,1576934085000;-118.2644117,34.0493321,1576934086000;-118.2655583,34.0486413,1576934090000;-118.2663873,34.0481381,1576934092000;-118.2669183,34.0478191,1576934094000;-118.2670196,34.0477547,1576934095000;-118.2675076,34.0474482,1576934096000;-118.2685386,34.0468006,1576934100000;-118.2688579,34.0466062,1576934101000;-118.2701873,34.0458316,1576934105000;-118.2707095,34.0454509,1576934107000;-118.2707722,34.0454042,1576934108000;-118.2718137,34.0445717,1576934112000;-118.2722388,34.0441533,1576934113000;-118.2730194,34.0432309,1576934117000;-118.2730015,34.0432566,1576934117000;-118.2732646,34.0428569,1576934119000;-118.2739376,34.041487,1576934124000;-118.2740181,34.0404124,1576934127000;-118.2740954,34.0395376,1576934130000;-118.2743759,34.0377297,1576934136000;-118.2743532,34.0379231,1576934136000;-118.2747219,34.0368069,1576934140000;-118.2749239,34.0377581,1576934147000;-118.2737087,34.0377882,1576934151000;-118.2720049,34.0372761,1576934156000;-118.2712907,34.036881,1576934158000;-118.2709767,34.0366785,1576934159000;-118.2700343,34.0359475,1576934168000;-118.2690009,34.0351267,1576934177000;-118.2677199,34.0343743,1576934188000;-118.2673149,34.0341819,1576934191000;-118.2665409,34.0337442,1576934199000;-118.2659845,34.034497,1576934211000;-118.2668389,34.0349302,1576934221000;-118.2670163,34.0350205,1576934225000;-118.2676152,34.0352131,1576934229000;-118.2680448,34.0353889,1576934232000;-118.268585,34.0357181,1576934237000;-118.2697632,34.0366295,1576934247000;-118.270697,34.0372261,1576934251000;-118.2717333,34.0379651,1576934254000;-118.2719564,34.038496,1576934256000;-118.2720865,34.0397642,1576934261000;-118.2723316,34.0400987,1576934262000;-118.2730361,34.0409641,1576934263000;
-118.2070411,33.8199237,1576420010000;-118.2070634,33.8079582,1576420021000;-118.2074971,33.8054038,1576420033000;-118.207507,33.8039944,1576420039000;-118.2071653,33.801349,1576420051000;-118.207587,33.7926184,1576420091000;-118.208057,33.7912248,1576420098000;-118.2080881,33.7902008,1576420103000;-118.208085,33.7895161,1576420105000;-118.2079901,33.7884358,1576420145000;-118.2077594,33.7877522,1576420147000;-118.207697,33.7846305,1576420157000;-118.2077405,33.7830476,1576420163000;-118.2077464,33.7827327,1576420164000;-118.207746,33.7825785,1576420164000;-118.2076726,33.7798084,1576420174000;-118.2070128,33.7780343,1576420180000;-118.2064247,33.7774908,1576420182000;-118.204689,33.7764689,1576420188000;-118.2040332,33.7760294,1576420192000;-118.203387,33.7749282,1576420198000;-118.2033673,33.7747719,1576420199000;-118.2037424,33.7735315,1576420205000;-118.204102,33.7716163,1576420215000;-118.2041061,33.7708068,1576420219000;-118.2041945,33.7693429,1576420227000;-118.2041737,33.7686366,1576420232000;-118.2005879,33.7655867,1576420259000;-118.1974153,33.7652557,1576420278000;-118.19681,33.764862,1576420283000;-118.1967135,33.7648055,1576420286000;-118.1963459,33.7645936,1576420290000;-118.1955013,33.7641624,1576420296000;-118.1953271,33.7640833,1576420297000;-118.1945839,33.7637299,1576420302000;-118.1935838,33.7632667,1576420309000;-118.1933196,33.7631391,1576420311000;-118.1928494,33.7629313,1576420314000;-118.1927503,33.7628884,1576420316000;-118.19011449999999,33.761873,1576420335000;-118.1893396,33.7617748,1576420339000;-118.189354,33.7606974,1576420357000;-118.1893267,33.7603676,1576420360000;-118.1893377,33.7602272,1576420362000;-118.189196,33.7602195,1576420365000;
-118.3101693,34.0494087,1576867781000;-118.3101434,34.0508192,1576867788000;-118.3101317,34.0519498,1576867803000;-118.310131,34.0520202,1576867804000;-118.3101298,34.0521311,1576867805000;-118.3101246,34.0526331,1576867812000;-118.3104365,34.0526291,1576867816000;-118.3106377,34.0526265,1576867817000;-118.3109346,34.0526283,1576867819000;-118.311173,34.0526298,1576867820000;-118.3117002,34.0526252,1576867826000;-118.3119073,34.0526234,1576867827000;-118.312185,34.052624,1576867828000;-118.3126171,34.0526251,1576867831000;-118.3128083,34.0526255,1576867832000;-118.3133272,34.0526124,1576867835000;-118.3136586,34.0525959,1576867837000;-118.3138561,34.0525862,1576867838000;-118.3145585,34.052566,1576867842000;-118.3150134,34.0525407,1576867845000;-118.3157747,34.052508,1576867851000;-118.3160577,34.0525011,1576867853000;-118.3159734,34.0525045,1576867853000;-118.3161665,34.0524967,1576867854000;-118.3165111,34.0524894,1576867856000;-118.3168914,34.0525185,1576867858000;-118.3170907,34.0525586,1576867859000;-118.3175841,34.0527077,1576867862000;-118.3179403,34.0528266,1576867864000;-118.3181165,34.0528855,1576867866000;-118.3186197,34.0530581,1576867869000;-118.3190171,34.0531979,1576867873000;-118.3190721,34.0532173,1576867874000;-118.3192635,34.0532847,1576867875000;-118.3196129,34.0534099,1576867877000;-118.319851,34.0534983,1576867879000;-118.320016,34.0535595,1576867880000;-118.3202551,34.0536442,1576867881000;-118.3201878,34.0536233,1576867881000;-118.3205644,34.053763,1576867883000;-118.3207279,34.0538237,1576867884000;-118.320863,34.0535566,1576867891000;-118.32089619999999,34.0534909,1576867892000;-118.3209899,34.0533055,1576867894000;-118.321118,34.0533442,1576867901000;-118.321651,34.0532869,1576867913000;
-118.381247,33.9689089,1575275761000;-118.3798821,33.9701384,1575275763000;-118.3797949,33.9702156,1575275764000;-118.3797163,33.9702853,1575275765000;-118.3795284,33.9704517,1575275767000;-118.3794129,33.9705541,1575275768000;-118.3787575,33.9710616,1575275776000;-118.3785994,33.9712043,1575275778000;-118.3785713,33.9712296,1575275778000;-118.3784335,33.9713541,1575275779000;-118.3782993,33.9715522,1575275781000;-118.3777398,33.9720305,1575275789000;-118.3776533,33.9721033,1575275789000;-118.3807292,33.9739381,1575275821000;-118.3832324,33.9750044,1575275841000;-118.384864,33.975608199999996,1575275853000;-118.3877094,33.9769407,1575275862000;-118.3924115,33.9794901,1575275878000;-118.3928745,33.9801126,1575275881000;-118.3934517,33.9807132,1575275883000;-118.394362,33.981861,1575275888000;-118.3949229,33.9825766,1575275891000;-118.3958503,33.9837448,1575275895000;-118.3963376,33.9843537,1575275898000;-118.3968572,33.9850196,1575275900000;-118.397483,33.9858137,1575275903000;-118.3988351,33.9875314,1575275910000;-118.3992154,33.9880124,1575275912000;-118.3997964,33.9887483,1575275915000;-118.4003141,33.9894017,1575275918000;-118.4008728,33.9901205,1575275921000;-118.401794,33.9913099,1575275925000;-118.4024767,33.9921968,1575275929000;-118.403798,33.9939897,1575275936000;-118.4046194,33.9950388,1575275940000;-118.4079653,33.9991478,1575275959000;-118.4085112,33.9998402,1575275962000;-118.4134187,34.0060351,1575275987000;-118.4137491,34.0064542,1575275988000;-118.4158255,34.0090879,1575275999000;-118.4164178,34.010162,1575276008000;-118.416233,34.0108174,1575276014000;-118.4157654,34.0111149,1575276018000;-118.416062,34.0114662,1575276025000;-118.416119,34.0115398,1575276026000;-118.4163883,34.0118875,1575276029000;-118.4165011,34.012033,1575276030000;-118.4166593,34.0122371,1575276032000;-118.416655,34.0122316,1575276032000;-118.4168064,34.012427,1575276034000;-118.4168425,34.0124736,1575276035000;-118.4170084,34.0126848,1575276037000;-118.4171421,34.0128544,1575276038000;-118.4172336,34.0129678,1575276042000;-118.4173652,34.0131336,1575276045000;-118.4174769,34.0132742,1575276046000;-118.4175322,34.0133439,1575276047000;-118.4176604,34.0135054,1575276049000;-118.4182999,34.0143109,1575276056000;-118.4186484,34.0147499,1575276061000;-118.4188013,34.0149425,1575276063000;-118.4190234,34.0152222,1575276065000;-118.4197811,34.0161766,1575276074000;-118.419951,34.0163906,1575276077000;-118.4201503,34.0166509,1575276079000;-118.420309,34.0168421,1575276081000;-118.4206748,34.0172918,1575276087000;-118.420878,34.0175509,1575276090000;-118.421336,34.0181349,1575276095000;-118.4216457,34.018525,1575276099000;-118.4218898,34.0188363,1575276102000;-118.4220877,34.0190833,1575276104000;-118.4220417,34.0190268,1575276104000;-118.4222348,34.019267,1575276106000;-118.4224939,34.0191577,1575276112000;-118.4227131,34.0190658,1575276113000;-118.4233313,34.018897,1575276118000;-118.4240642,34.0187245,1575276123000;-118.4247886,34.0184876,1575276128000;-118.4251612,34.0183252,1575276131000;-118.4249473,34.0180562,1575276138000;-118.4248505,34.0181388,1575276144000;-118.4230454,34.0173385,1575276149000;
-118.4215166,34.2907862,1576289694000;-118.4209633,34.2914377,1576289717000;-118.4208452,34.2913338,1576289720000;-118.4206733,34.2914538,1576289725000;-118.4200079,34.2919182,1576289734000;-118.4197806,34.2920769,1576289737000;-118.4196805,34.2921468,1576289739000;-118.4196187,34.2920926,1576289745000;-118.4190514,34.2915953,1576289754000;-118.4189494,34.2915059,1576289756000;-118.418833,34.2913995,1576289758000;-118.4186777,34.2912575,1576289760000;-118.4177212,34.290383,1576289776000;-118.4173873,34.2906315,1576289783000;-118.4168159,34.2910568,1576289792000;-118.4164039,34.2913634,1576289798000;-118.4160249,34.2916454,1576289803000;-118.4159805,34.2916809,1576289804000;-118.4155523,34.2919988,1576289811000;-118.415025,34.2923901,1576289818000;-118.4148577,34.2925144,1576289821000;-118.4144623,34.2928083,1576289827000;-118.4146829,34.2930145,1576289833000;-118.4147834,34.293109,1576289834000;-118.4149731,34.2932858,1576289835000;-118.4155699,34.2938437,1576289840000;-118.41574489999999,34.2940073,1576289842000;-118.4164463,34.2946631,1576289848000;-118.4167665,34.2949624,1576289851000;-118.4169167,34.2951032,1576289852000;-118.417239,34.2954041,1576289855000;-118.4174528,34.295604,1576289859000;-118.417824,34.2959575,1576289862000;-118.4182756,34.2963832,1576289866000;-118.4185147,34.2966135,1576289868000;-118.4184722,34.2965722,1576289868000;-118.4187684,34.2968602,1576289871000;-118.4189554,34.2970421,1576289872000;-118.4190389,34.2971206,1576289873000;-118.4193165,34.2973816,1576289876000;-118.4197368,34.2977767,1576289879000;-118.4199481,34.2979754,1576289881000;-118.420512,34.2985056,1576289886000;-118.4201731,34.2987643,1576289896000;-118.420109,34.298813,1576289896000;-118.4200168,34.2988837,1576289897000;-118.4198023,34.2990475,1576289899000;-118.4190562,34.298448,1576289909000;-118.4175061,34.2972921,1576289918000;-118.4173231,34.2971227,1576289919000;-118.4169251,34.2967537,1576289921000;-118.4135989,34.2936141,1576289937000;-118.4133501,34.2933829,1576289938000;-118.4122506,34.2923511,1576289943000;-118.4090252,34.2880912,1576289968000;-118.4093608,34.2874463,1576289971000;-118.4120956,34.2853304,1576289986000;-118.4124058,34.2851041,1576289987000;-118.4154067,34.2829067,1576290000000;-118.4156547,34.2827295,1576290001000;-118.4186222,34.2805529,1576290013000;-118.4190245,34.2802569,1576290015000;-118.4219489,34.2781103,1576290027000;-118.4222001,34.2779192,1576290029000;-118.4250122,34.2755598,1576290041000;-118.4253118,34.2753128,1576290042000;-118.4268986,34.2740496,1576290049000;-118.4273851,34.273682,1576290052000;-118.4285337,34.2728425,1576290056000;-118.4291609,34.2723914,1576290059000;-118.4322376,34.2701379,1576290072000;-118.4325247,34.2699507,1576290073000;-118.4336206,34.269222,1576290078000;-118.4350251,34.268545,1576290083000;-118.4409255,34.2673833,1576290102000;-118.4414946,34.267303,1576290104000;-118.4433359,34.2670335,1576290110000;-118.4442333,34.2669051,1576290113000;-118.4457104,34.2666987,1576290117000;-118.4460828,34.2666408,1576290118000;-118.4499458,34.2661074,1576290131000;-118.4504605,34.2660731,1576290132000;-118.4517044,34.2659893,1576290136000;-118.4534537,34.2660031,1576290142000;-118.4540921,34.2660095,1576290144000;-118.4548377,34.2660099,1576290146000;-118.4590657,34.2660272,1576290160000;-118.459947,34.2660263,1576290162000;-118.459766,34.2660271,1576290162000;-118.462706,34.266036,1576290171000;-118.4665374,34.2660591,1576290183000;-118.4702532,34.2660844,1576290195000;-118.4718155,34.266091,1576290200000;-118.4754501,34.2661259,1576290211000;-118.4793857,34.2661457,1576290224000;-118.4807634,34.2663484,1576290228000;-118.484523,34.2678038,1576290241000;-118.4849884,34.2681216,1576290243000;-118.4867965,34.2695868,1576290251000;-118.487469,34.2701178,1576290254000;-118.4884256,34.2709035,1576290259000;-118.4886713,34.2710981,1576290260000;-118.4902082,34.2723642,1576290267000;-118.4923422,34.274523,1576290279000;-118.4926846,34.2748745,1576290281000;-118.4930536,34.2752534,1576290283000;-118.4934295,34.275435,1576290285000;-118.4934404,34.2739976,1576290302000;-118.4934451,34.2737564,1576290304000;-118.4934604,34.2729653,1576290310000;-118.4934625,34.2728546,1576290311000;-118.4934657,34.2726926,1576290312000;-118.4934698,34.2724807,1576290314000;-118.4934737,34.2722791,1576290316000;-118.4934792,34.2719932,1576290318000;-118.4934766,34.2716767,1576290323000;-118.4934744,34.2714114,1576290325000;-118.49347,34.2708775,1576290329000;-118.4934695,34.2708175,1576290330000;-118.4934752,34.2701387,1576290335000;-118.4934739,34.2701998,1576290335000;-118.4934882,34.2692426,1576290343000;-118.4934915,34.2686238,1576290348000;-118.4935038,34.2683533,1576290350000;-118.4929444,34.2683482,1576290357000;-118.4924408,34.2683465,1576290361000;-118.4912858,34.2683383,1576290370000;-118.4902101,34.2683329,1576290379000;-118.4901851,34.2710729,1576290393000;
-118.5007198,34.2584399,1576806354000;-118.5001512,34.2580108,1576806355000;-118.5001612,34.2575075,1576806363000;-118.5009338,34.2575124,1576806373000;-118.5013883,34.2575154,1576806375000;-118.5013321,34.257515,1576806375000;-118.5016123,34.2575168,1576806376000;-118.5017919,34.2575179,1576806377000;-118.5023471,34.2575215,1576806380000;-118.5033695,34.257521,1576806387000;-118.5032189,34.2575211,1576806387000;-118.5038385,34.2575262,1576806390000;-118.5044905,34.2575334,1576806393000;-118.504926,34.2575382,1576806396000;-118.5055675,34.2575424,1576806399000;-118.5064131,34.2575479,1576806403000;-118.5067149,34.2575538,1576806405000;-118.5072948,34.2575586,1576806410000;-118.5102354,34.2575727,1576806425000;-118.511087,34.2575814,1576806429000;-118.5116016,34.2575848,1576806434000;-118.5123201,34.2575924,1576806438000;-118.512591,34.2575925,1576806439000;-118.5126704,34.2575928,1576806440000;-118.5128978,34.2575946,1576806441000;-118.5132692,34.257594,1576806443000;-118.51401,34.2575983,1576806447000;-118.514659,34.2576021,1576806450000;-118.5154541,34.2576078,1576806454000;-118.5159212,34.2576089,1576806459000;-118.5166077,34.2576122,1576806462000;-118.5168251,34.2576133,1576806463000;-118.5176754,34.2576205,1576806468000;-118.5185709,34.2576218,1576806472000;-118.5188358,34.2576231,1576806474000;-118.5192411,34.2576251,1576806476000;-118.5198158,34.2576276,1576806479000;-118.5198099,34.25802,1576806489000;-118.5198077,34.259202,1576806497000;-118.5198065,34.2593626,1576806498000;-118.5198042,34.2595751,1576806500000;-118.5197879,34.2608526,1576806509000;-118.5197821,34.2612617,1576806512000;-118.519768,34.2636794,1576806529000;-118.5197604,34.2643686,1576806534000;-118.5197595,34.2645521,1576806535000;-118.519758,34.2648869,1576806537000;-118.5197493,34.2652156,1576806542000;-118.5197524,34.2654294,1576806543000;-118.5197515,34.2661123,1576806548000;-118.5197311,34.2673199,1576806557000;-118.5197141,34.2685321,1576806565000;-118.5215412,34.2685484,1576806583000;-118.5234447,34.2685567,1576806598000;-118.5260539,34.268426,1576806605000;
-118.3214032,34.1713039,1575818244000;-118.3205526,34.1696936,1575818247000;-118.3201854,34.1700287,1575818255000;-118.3200852,34.1701201,1575818256000;-118.3199548,34.1702391,1575818257000;-118.3198253,34.1703573,1575818258000;-118.3193943,34.1707637,1575818263000;-118.3191934,34.1709604,1575818267000;-118.3189571,34.1711701,1575818269000;-118.3180708,34.1720212,1575818279000;-118.3178722,34.1722119,1575818281000;-118.317615,34.1724589,1575818283000;-118.317581,34.172492,1575818284000;-118.3174729,34.1725975,1575818285000;-118.3172781,34.1727801,1575818287000;-118.3170409,34.1730051,1575818289000;-118.3169337,34.1731068,1575818290000;-118.3168986,34.17314,1575818291000;-118.3168044,34.17323,1575818292000;-118.316502,34.173519,1575818295000;-118.3162446,34.173761,1575818299000;-118.3161443,34.1738552,1575818301000;-118.3159942,34.1739975,1575818302000;-118.3159508,34.1740385,1575818303000;-118.3158144,34.1741674,1575818304000;-118.3155916,34.1743779,1575818306000;-118.3154713,34.17449,1575818308000;-118.3150124,34.1749177,1575818312000;-118.3146474,34.1752606,1575818316000;-118.3143434,34.1755463,1575818319000;-118.3139327,34.1759487,1575818325000;-118.3136858,34.1762157,1575818328000;-118.3126285,34.1772452,1575818339000;-118.3106087,34.1791622,1575818360000;-118.3100076,34.1797126,1575818366000;-118.3098317,34.1798404,1575818369000;
-118.3321685,34.0495896,1577340488000;-118.3323267,34.0491944,1577340492000;-118.3324308,34.0489343,1577340496000;-118.3324248,34.0489495,1577340496000;-118.3325459,34.0486469,1577340501000;-118.3326382,34.0484266,1577340505000;-118.3329862,34.0484654,1577340511000;-118.3333671,34.0485078,1577340514000;-118.3337412,34.0485495,1577340518000;-118.3341669,34.0485936,1577340523000;-118.3343653,34.0486141,1577340524000;-118.3347443,34.0486613,1577340527000;-118.3352033,34.0487147,1577340530000;-118.3357347,34.0487787,1577340534000;-118.3361382,34.0488306,1577340538000;-118.336065,34.0488234,1577340538000;-118.3369018,34.0488056,1577340544000;-118.3377572,34.0487013,1577340551000;-118.3382875,34.0486443,1577340555000;-118.338612,34.0486037,1577340557000;-118.3387959,34.0485802,1577340558000;-118.3393312,34.0484916,1577340562000;-118.3395584,34.048651,1577340567000;-118.3401513,34.0488626,1577340571000;-118.34062780000001,34.0490474,1577340575000;-118.3411546,34.0492387,1577340579000;-118.3417158,34.0494425,1577340583000;-118.3422895,34.0496577,1577340587000;-118.342882,34.0498774,1577340591000;-118.3427917,34.0498461,1577340591000;-118.3437053,34.0501633,1577340597000;-118.3442142,34.0503405,1577340601000;-118.3442229,34.0506355,1577340607000;-118.3442528,34.0511336,1577340611000;-118.3442512,34.0511062,1577340611000;-118.3442669,34.0514666,1577340614000;-118.3441163,34.0520408,1577340619000;-118.3440485,34.0522258,1577340620000;-118.3440374,34.052256,1577340621000;-118.3439698,34.0524405,1577340622000;-118.3439116,34.052593,1577340624000;-118.3438989,34.0526336,1577340624000;-118.3437284,34.0530984,1577340628000;-118.3436286,34.0533707,1577340630000;-118.34354,34.0537729,1577340633000;-118.3435669,34.0543507,1577340638000;-118.3438293,34.0547401,1577340644000;-118.3439352,34.0548937,1577340645000;-118.3441314,34.0551781,1577340648000;-118.3444787,34.0556211,1577340652000;-118.3445785,34.0557576,1577340653000;-118.3448382,34.0561129,1577340657000;-118.3451471,34.056327,1577340659000;-118.3452693,34.056402,1577340660000;-118.3452599,34.0563962,1577340660000;-118.3458722,34.0571065,1577340667000;-118.3458975,34.0572227,1577340668000;-118.3458887,34.0574396,1577340672000;-118.3458851,34.0575297,1577340673000;-118.3458358,34.0576584,1577340674000;-118.3457803,34.0578033,1577340675000;-118.3457559,34.0578669,1577340676000;-118.3457467,34.0578909,1577340676000;-118.3456835,34.0580267,1577340677000;-118.3456421,34.0581157,1577340678000;-118.3455854,34.0582376,1577340679000;-118.345513,34.0583932,1577340680000;-118.3454146,34.0586498,1577340683000;-118.3453264,34.0588772,1577340685000;-118.3451803,34.0592563,1577340690000;-118.3451365,34.0593699,1577340691000;-118.3449839,34.0597658,1577340694000;-118.3449166,34.0599404,1577340695000;-118.3448754,34.0600472,1577340696000;-118.3448147,34.0602047,1577340698000;-118.3446934,34.0605194,1577340700000;-118.3445689,34.0608695,1577340705000;-118.3445574,34.0609003,1577340706000;-118.3443898,34.0613487,1577340709000;-118.3443033,34.0615801,1577340711000;-118.3442507,34.0617208,1577340712000;-118.3440717,34.062177,1577340716000;-118.3440462,34.062294,1577340719000;-118.3451235,34.0623023,1577340732000;-118.3458687,34.06231,1577340739000;-118.3461864,34.0623193,1577340741000;-118.3468337,34.0623369,1577340747000;-118.347202,34.0623415,1577340749000;-118.347956,34.0623533,1577340756000;-118.3482937,34.0623642,1577340759000;-118.3490183,34.0623791,1577340766000;-118.3493704,34.0623906,1577340768000;-118.3500985,34.0624033,1577340775000;-118.3504393,34.0624089,1577340777000;-118.3511028,34.0624204,1577340783000;-118.3514418,34.0624292,1577340786000;-118.3521452,34.0624384,1577340792000;-118.3525316,34.0624471,1577340795000;-118.3534749,34.0624705,1577340803000;-118.3538467,34.062477,1577340806000;-118.3544651,34.0624887,1577340812000;-118.3546038,34.062489,1577340813000;-118.3549456,34.0624995,1577340815000;-118.3555668,34.0625077,1577340821000;-118.3559623,34.0625189,1577340824000;-118.3567184,34.0625359,1577340829000;-118.3574755,34.0625826,1577340834000;-118.3578318,34.06262,1577340836000;-118.3588115,34.06273,1577340845000;-118.3587916,34.0627278,1577340845000;-118.359354,34.0627911,1577340848000;-118.3606156,34.0629211,1577340859000;-118.3609749,34.0629613,1577340861000;-118.3614352,34.0629761,1577340864000;-118.3619429,34.0630345,1577340870000;-118.3622126,34.0630649,1577340871000;-118.3620984,34.063052,1577340871000;-118.3630596,34.0631605,1577340877000;-118.3630339,34.0631576,1577340877000;-118.3633539,34.0631937,1577340879000;-118.3640147,34.0632683,1577340884000;-118.3643549,34.0633067,1577340886000;
-118.3415215,34.0612762,1576968898000;-118.3410605,34.0610367,1576968909000;-118.3407272,34.0621526,1576968927000;-118.3410964,34.0621606,1576968932000;-118.3412879,34.0621649,1576968933000;-118.341866,34.0621775,1576968936000;-118.3423261,34.0621937,1576968939000;-118.342532,34.0621974,1576968940000;-118.3429347,34.0622046,1576968943000;-118.3430887,34.0622484,1576968946000;-118.3434171,34.0622619,1576968947000;-118.3440462,34.062294,1576968951000;-118.3440717,34.062177,1576968956000;-118.3442507,34.0617208,1576968961000;-118.3443033,34.0615801,1576968962000;-118.3443898,34.0613487,1576968964000;-118.3445689,34.0608695,1576968967000;-118.3445574,34.0609003,1576968967000;-118.3446934,34.0605194,1576968970000;-118.3448147,34.0602047,1576968974000;-118.3449166,34.0599404,1576968976000;-118.3448754,34.0600472,1576968976000;-118.3449839,34.0597658,1576968978000;-118.3451803,34.0592563,1576968981000;-118.3451365,34.0593699,1576968981000;-118.3453264,34.0588772,1576968984000;-118.3454146,34.0586498,1576968988000;-118.345513,34.0583932,1576968990000;-118.3455854,34.0582376,1576968991000;-118.3456421,34.0581157,1576968992000;-118.3456835,34.0580267,1576968993000;-118.3457559,34.0578669,1576968994000;-118.3457467,34.0578909,1576968994000;-118.3457803,34.0578033,1576968995000;-118.3458358,34.0576584,1576968996000;-118.3458887,34.0574396,1576968997000;-118.3458851,34.0575297,1576968997000;-118.3458975,34.0572227,1576968999000;-118.3458722,34.0571065,1576969002000;-118.3452693,34.056402,1576969008000;-118.3452599,34.0563962,1576969008000;-118.3451471,34.056327,1576969009000;-118.3448382,34.0561129,1576969011000;-118.3445785,34.0557576,1576969014000;-118.3444787,34.0556211,1576969016000;-118.3441314,34.0551781,1576969019000;-118.3439352,34.0548937,1576969022000;-118.3438293,34.0547401,1576969023000;-118.3435669,34.0543507,1576969026000;-118.34354,34.0537729,1576969033000;-118.3436286,34.0533707,1576969035000;-118.3437284,34.0530984,1576969038000;-118.3439116,34.052593,1576969041000;-118.3438989,34.0526336,1576969041000;-118.3439698,34.0524405,1576969043000;-118.3440485,34.0522258,1576969044000;-118.3440374,34.052256,1576969044000;-118.3441163,34.0520408,1576969046000;-118.3442669,34.0514666,1576969050000;-118.3442528,34.0511336,1576969052000;-118.3442512,34.0511062,1576969052000;-118.3442229,34.0506355,1576969056000;-118.3442142,34.0503405,1576969058000;-118.3442079,34.0501106,1576969062000;-118.3436198,34.0498953,1576969068000;-118.3434423,34.0498303,1576969069000;-118.3428722,34.0496217,1576969073000;-118.3424427,34.0494697,1576969075000;-118.3423514,34.0494374,1576969076000;-118.3417944,34.0492308,1576969080000;-118.3413058,34.0490558,1576969083000;-118.3407154,34.0488444,1576969086000;-118.3401903,34.0486806,1576969090000;-118.3393312,34.0484916,1576969095000;-118.3386974,34.0482383,1576969101000;-118.3386356,34.0482136,1576969101000;-118.3384985,34.0481615,1576969102000;-118.3374105,34.0476522,1576969110000;-118.3371643,34.0474527,1576969112000;-118.3373597,34.0471561,1576969114000;-118.3381162,34.0470902,1576969118000;-118.3387818,34.0469882,1576969122000;-118.3396881,34.0468547,1576969128000;-118.3400535,34.0468009,1576969130000;-118.3405649,34.0467257,1576969133000;-118.3420568,34.046499,1576969144000;-118.3424456,34.0464399,1576969146000;-118.3432587,34.0463164,1576969151000;-118.3432151,34.046323,1576969151000;-118.343284,34.0465196,1576969161000;-118.3431561,34.0469897,1576969164000;
-118.2909461,34.0342733,1576260527000;-118.2910255,34.0336709,1576260536000;-118.2910249,34.033583,1576260538000;-118.2913064,34.0335831,1576260547000;-118.2915685,34.0335833,1576260550000;-118.2915682,34.0334959,1576260552000;-118.2915677,34.0332943,1576260554000;-118.2915674,34.0332016,1576260555000;-118.2915672,34.033114,1576260555000;-118.291567,34.0331773,1576260555000;-118.2915664,34.0329698,1576260556000;-118.2915662,34.0327526,1576260558000;-118.291565,34.0322842,1576260563000;-118.291565,34.0322976,1576260563000;-118.2915648,34.0322197,1576260564000;-118.2915647,34.0321732,1576260564000;-118.2915631,34.0315874,1576260568000;-118.2915528,34.0309671,1576260573000;-118.291558,34.0304902,1576260576000;-118.291551,34.0301811,1576260580000;-118.291551,34.0302082,1576260580000;-118.2915536,34.0298848,1576260582000;-118.291552,34.0296795,1576260584000;-118.2915496,34.029596,1576260584000;-118.291551,34.0294118,1576260586000;-118.2915535,34.0291004,1576260588000;-118.2915551,34.0288983,1576260590000;-118.2915568,34.028686,1576260591000;-118.2915603,34.0283924,1576260595000;-118.2915609,34.0277678,1576260602000;-118.2915587,34.0276097,1576260603000;-118.2915582,34.0274357,1576260604000;-118.2915504,34.0268814,1576260608000;-118.2915491,34.0263906,1576260612000;-118.291552,34.0261741,1576260613000;-118.2915524,34.026026,1576260614000;-118.291552,34.0256343,1576260617000;-118.2915534,34.02549,1576260618000;-118.2899528,34.0254465,1576260631000;-118.2894325,34.0254462,1576260634000;-118.2884348,34.0254456,1576260640000;-118.287775,34.0253443,1576260644000;-118.2871137,34.0250615,1576260648000;-118.285896,34.0244918,1576260656000;-118.285836,34.0244634,1576260657000;-118.2847155,34.0239537,1576260664000;-118.284647,34.0239248,1576260665000;-118.2840701,34.0236742,1576260669000;-118.282759,34.0230892,1576260676000;-118.282377,34.0229252,1576260678000;-118.2809068,34.0222975,1576260688000;-118.2808654,34.0222886,1576260688000;-118.2807801,34.0222506,1576260689000;-118.2800026,34.0219044,1576260694000;-118.2804568,34.0212019,1576260707000;-118.2805393,34.0211779,1576260708000;-118.2809696,34.0204134,1576260714000;-118.2812043,34.0200302,1576260719000;-118.2816845,34.0192858,1576260725000;-118.2817534,34.0191684,1576260726000;-118.2810505,34.0198157,1576260738000;
-118.4470726,34.1604357,1576877038000;-118.446434,34.1611226,1576877055000;-118.4464328,34.1612485,1576877057000;-118.4465976,34.1612495,1576877061000;-118.4475061,34.1612446,1576877071000;-118.4479216,34.1612458,1576877076000;-118.4487091,34.1612418,1576877085000;-118.4530799,34.1612394,1576877135000;-118.455257,34.1612308,1576877159000;-118.4574405,34.1612365,1576877183000;-118.4574398,34.1608312,1576877189000;-118.4574404,34.1606584,1576877190000;-118.4574402,34.1603288,1576877193000;-118.4574407,34.1597731,1576877197000;-118.4574414,34.1594396,1576877200000;-118.4574417,34.1592439,1576877202000;-118.4574435,34.1589554,1576877204000;-118.4574429,34.1590189,1576877204000;-118.4574353,34.1582173,1576877210000;-118.4574323,34.1580761,1576877211000;-118.4574382,34.1576029,1576877215000;-118.4574308,34.1560936,1576877230000;-118.4574282,34.1557719,1576877232000;-118.4574288,34.1553549,1576877236000;-118.4574338,34.1538102,1576877248000;-118.4564333,34.153663,1576877261000;-118.4563399,34.1536472,1576877262000;-118.4563183,34.1551805,1576877288000;
-118.4022206,33.9453799,1575180841000;-118.4055496,33.9450549,1575180851000;-118.4058227,33.9442414,1575180859000;-118.4057963,33.94408,1575180860000;-118.4057891,33.9440358,1575180860000;-118.4056284,33.9430183,1575180869000;-118.4056213,33.9429759,1575180869000;-118.4052039,33.9426638,1575180873000;-118.4018687,33.9430231,1575180895000;-118.4010276,33.9431086,1575180901000;-118.3984962,33.9433691,1575180906000;
-118.3452753,33.8318804,1576896880000;-118.3452635,33.8323695,1576896890000;-118.3454401,33.8323669,1576896894000;-118.3456273,33.8323642,1576896898000;-118.345818,33.8323615,1576896903000;-118.3458126,33.8325266,1576896912000;-118.3457618,33.8325267,1576896918000;-118.3457621,33.8326803,1576896924000;-118.3457638,33.8335141,1576896940000;-118.3457641,33.83366,1576896943000;-118.3450789,33.8336637,1576896960000;-118.3449042,33.8336656,1576896963000;-118.3448964,33.834270599999996,1576896970000;-118.3448945,33.8344166,1576896971000;-118.3448918,33.8351667,1576896977000;-118.3448924,33.8356201,1576896983000;-118.3448936,33.8364333,1576896990000;-118.3449013,33.8369191,1576896993000;-118.344827,33.8374961,1576896998000;-118.3445997,33.8374281,1576897008000;-118.3438136,33.8372194,1576897013000;-118.3433217,33.8370888,1576897016000;-118.3431169,33.8370464,1576897017000;-118.343034,33.8370273,1576897018000;-118.34281849999999,33.8369719,1576897019000;-118.3423267,33.8368478,1576897022000;-118.3417843,33.8367105,1576897026000;-118.3412652,33.8365764,1576897029000;-118.34111970000001,33.8365389,1576897030000;-118.340046,33.8362522,1576897036000;-118.3394334,33.8362352,1576897042000;-118.3354154,33.8362917,1576897065000;-118.3346411,33.8362936,1576897070000;-118.3341274,33.836291,1576897075000;-118.3334283,33.8362936,1576897079000;-118.3327171,33.8362943,1576897083000;-118.3322695,33.8362933,1576897086000;-118.3318095,33.8363015,1576897090000;-118.3315601,33.836304,1576897092000;-118.3311192,33.8363083,1576897095000;-118.3306488,33.8363127,1576897097000;-118.3300824,33.8363031,1576897101000;-118.329865,33.8363086,1576897102000;-118.3297926,33.8363079,1576897102000;-118.329617,33.8363063,1576897103000;-118.3294142,33.836317,1576897105000;-118.3293635,33.8363197,1576897105000;-118.3287793,33.8363355,1576897108000;-118.3286239,33.8362732,1576897111000;-118.3277583,33.8362785,1576897119000;-118.3275591,33.8362858,1576897120000;-118.3274802,33.8363542,1576897120000;-118.3269966,33.8363559,1576897124000;-118.3267119,33.8363603,1576897125000;-118.3262757,33.8363563,1576897128000;-118.325832,33.83636,1576897131000;-118.3254288,33.8363642,1576897133000;-118.3251636,33.8363672,1576897134000;-118.3248822,33.8363739,1576897136000;-118.3245965,33.8363747,1576897138000;-118.3243617,33.8363753,1576897139000;-118.3241781,33.8363755,1576897140000;-118.3237555,33.8363831,1576897143000;-118.3232896,33.8363897,1576897145000;-118.3231554,33.8363894,1576897146000;-118.3230176,33.836392000000004,1576897147000;-118.3225625,33.8364013,1576897150000;-118.3222337,33.8364051,1576897154000;-118.3219559,33.8364052,1576897155000;-118.3218892,33.8364051,1576897156000;-118.3215059,33.8364046,1576897158000;-118.3212005,33.8364086,1576897160000;-118.3211301,33.836409,1576897160000;-118.3209464,33.8364102,1576897161000;-118.3204805,33.8364159,1576897164000;-118.3198902,33.8364177,1576897169000;-118.3198314,33.8364173,1576897170000;-118.3196861,33.8364117,1576897171000;-118.3194041,33.8363988,1576897172000;-118.3187093,33.8363597,1576897176000;-118.318393,33.8363418,1576897178000;-118.3180073,33.8363195,1576897180000;-118.3176535,33.836304,1576897182000;-118.3175206,33.8362972,1576897183000;-118.317442,33.8362924,1576897184000;-118.3169407,33.836281299999996,1576897187000;-118.3160364,33.8362173,1576897194000;-118.3151458,33.8362173,1576897199000;-118.3142379,33.8364444,1576897207000;-118.3129628,33.8370606,1576897215000;-118.3128369,33.8371202,1576897216000;-118.3118363,33.8374726,1576897224000;-118.3105849,33.8377272,1576897232000;-118.3100553,33.837815,1576897236000;-118.3096832,33.8379043,1576897238000;-118.3093079,33.8380267,1576897241000;-118.3091599,33.838091,1576897244000;-118.3087187,33.8382985,1576897250000;-118.3077433,33.8389951,1576897258000;-118.3070967,33.8394529,1576897264000;-118.3059606,33.8402485,1576897274000;-118.3043404,33.8413783,1576897288000;-118.3039651,33.8415793,1576897291000;-118.3028387,33.8419446,1576897301000;-118.3024808,33.8419476,1576897303000;-118.3017683,33.841953,1576897308000;-118.3013232,33.8419559,1576897311000;-118.3009286,33.8419564,1576897314000;-118.300668,33.8419574,1576897316000;-118.30023249999999,33.8419584,1576897318000;-118.2999945,33.841959,1576897320000;-118.2995999,33.8419586,1576897323000;-118.2992379,33.8419692,1576897325000;-118.2987904,33.8419721,1576897330000;-118.298394,33.8419747,1576897333000;-118.2970305,33.8419753,1576897342000;-118.2962402,33.8419813,1576897347000;-118.2950402,33.8419885,1576897355000;-118.2938589,33.8419969,1576897363000;-118.2927343,33.8420094,1576897370000;-118.2920557,33.842016,1576897374000;-118.2916165,33.842016,1576897377000;-118.2912114,33.842019,1576897379000;-118.291098,33.842019,1576897380000;-118.2900186,33.8420312,1576897386000;-118.2894477,33.8420359,1576897392000;-118.2893615,33.8420365,1576897392000;-118.2881196,33.8420497,1576897399000;-118.2879403,33.8420524,1576897400000;-118.287662,33.8420565,1576897402000;-118.2873452,33.8420612,1576897404000;-118.2868307,33.8420661,1576897407000;-118.2856081,33.8420678,1576897416000;-118.2854605,33.842069,1576897419000;-118.2848231,33.8420711,1576897425000;-118.2846407,33.8420738,1576897426000;-118.2843895,33.8420781,1576897427000;-118.2837308,33.8420829,1576897431000;-118.2830968,33.8420878,1576897435000;-118.2825775,33.8420866,1576897440000;-118.2824542,33.8420863,1576897441000;-118.2820424,33.8420897,1576897443000;-118.2806636,33.8421009,1576897451000;-118.2805578,33.8421018,1576897452000;-118.2799667,33.842105,1576897455000;-118.2798008,33.8407136,1576897472000;-118.27977,33.8400732,1576897477000;-118.2798052,33.8396252,1576897480000;-118.2797645,33.8391034,1576897484000;-118.2797098,33.8381522,1576897490000;-118.2795186,33.8370646,1576897498000;-118.2794679,33.8368734,1576897500000;-118.2794387,33.8367631,1576897500000;-118.2793941,33.8365978,1576897502000;-118.2792664,33.8361246,1576897505000;-118.2791432,33.8356458,1576897509000;-118.279062,33.8353302,1576897511000;-118.2789387,33.8353305,1576897513000;-118.277967,33.835333,1576897521000;-118.2774051,33.8353344,1576897526000;-118.2756384,33.835338899999996,1576897541000;-118.2745478,33.8353416,1576897550000;-118.273724,33.8353437,1576897556000;-118.2730633,33.8353454,1576897562000;-118.272385,33.8353471,1576897568000;-118.2723822,33.8344315,1576897582000;-118.2723795,33.8335257,1576897591000;-118.2723779,33.8330139,1576897597000;-118.2696609,33.833002,1576897629000;-118.268005,33.8329948,1576897647000;-118.2659197,33.8330149,1576897659000;
-118.29922,34.065394,1575679984000;-118.3003803,34.0653878,1575679987000;-118.300377,34.064218,1575680001000;-118.300376,34.0638433,1575680004000;-118.300376,34.0638596,1575680004000;-118.3003752,34.0635659,1575680006000;-118.3003743,34.0631702,1575680011000;-118.300372,34.0621592,1575680020000;-118.3003711,34.0617454,1575680023000;-118.3009584,34.061746,1575680034000;-118.301597,34.0617442,1575680037000;-118.3019785,34.0617387,1575680042000;-118.3023463,34.0617334,1575680046000;-118.3028415,34.0617263,1575680049000;-118.3030861,34.0617234,1575680050000;-118.3036615,34.0617231,1575680054000;-118.3041405,34.0617211,1575680056000;-118.3045346,34.0617167,1575680061000;-118.3047724,34.061714,1575680062000;-118.3053555,34.0617075,1575680065000;-118.3057307,34.0617052,1575680070000;-118.3062448,34.0617021,1575680073000;-118.3065863,34.0617,1575680075000;-118.3069743,34.0617016,1575680079000;-118.3074995,34.0617038,1575680082000;-118.3078509,34.0617052,1575680084000;-118.3082246,34.0617053,1575680088000;-118.309108,34.0617056,1575680093000;-118.3091107,34.0621022,1575680103000;-118.3091135,34.0625069,1575680106000;-118.3091196,34.0633837,1575680113000;-118.3091224,34.0635175,1575680114000;-118.3091209,34.0640088,1575680119000;-118.3091207,34.0640586,1575680119000;-118.3091203,34.064176,1575680120000;-118.3091202,34.064353,1575680122000;-118.3091219,34.0650179,1575680126000;-118.3091221,34.0651232,1575680127000;-118.3091198,34.0653389,1575680129000;-118.3091127,34.0656377,1575680133000;-118.3091121,34.0656581,1575680133000;-118.3091171,34.0661101,1575680136000;-118.3091196,34.0663354,1575680138000;-118.309125,34.0668151,1575680141000;-118.3091247,34.0667886,1575680141000;-118.3091258,34.0671564,1575680143000;-118.3091231,34.0674614,1575680148000;-118.3091239,34.0683238,1575680154000;-118.3091243,34.0685997,1575680156000;-118.3091249,34.068958,1575680158000;-118.3091261,34.0691627,1575680162000;-118.3091283,34.0693481,1575680163000;-118.3091319,34.0708007,1575680173000;-118.3091296,34.0711366,1575680175000;-118.3091398,34.0718481,1575680182000;-118.3091539,34.0728264,1575680189000;-118.3091571,34.0730467,1575680191000;-118.3091632,34.0736822,1575680195000;-118.3091623,34.0738706,1575680199000;-118.3091617,34.07402,1575680200000;-118.3091612,34.0739761,1575680200000;-118.3091605,34.0742879,1575680202000;-118.3091592,34.0746601,1575680204000;-118.309159,34.0746333,1575680204000;-118.3091609,34.074971,1575680207000;-118.30916500000001,34.0757051,1575680212000;-118.3091658,34.0758725,1575680213000;-118.309168,34.0762495,1575680216000;-118.3091713,34.0766004,1575680220000;-118.3091776,34.0772749,1575680225000;-118.3091769,34.077617,1575680229000;-118.3091761,34.0779892,1575680234000;-118.3091754,34.0783007,1575680236000;-118.3096373,34.0782981,1575680245000;-118.3095571,34.0782986,1575680245000;-118.3097145,34.0782977,1575680246000;-118.3101268,34.0782954,1575680250000;
-118.3644637,34.135759,1575222119000;-118.3645976,34.135295,1575222129000;-118.3630495,34.1351835,1575222150000;-118.3642149,34.1365966,1575222180000;-118.3637185,34.1368511,1575222193000;-118.3635817,34.1369329,1575222194000;-118.3632726,34.1371608,1575222199000;-118.3637971,34.1376402,1575222207000;-118.3637002,34.1375531,1575222207000;-118.3639153,34.1377456,1575222208000;-118.3640956,34.1379063,1575222210000;-118.3642551,34.138041,1575222211000;-118.3645633,34.1382238,1575222213000;-118.3631196,34.1377631,1575222228000;-118.36283,34.1375588,1575222229000;-118.3555649,34.1338462,1575222261000;-118.3502066,34.1317185,1575222284000;-118.3469499,34.1285619,1575222303000;-118.3438734,34.1249427,1575222323000;-118.3392317,34.1206146,1575222349000;-118.3360882,34.1126853,1575222386000;-118.3354635,34.1115568,1575222392000;-118.333865,34.1097738,1575222402000;-118.3337263,34.1096653,1575222403000;-118.3309923,34.10795,1575222416000;-118.3305956,34.1077201,1575222418000;-118.3267785,34.105437,1575222435000;-118.3261976,34.1050976,1575222438000;-118.3248525,34.1045389,1575222443000;-118.3226186,34.1042459,1575222452000;-118.3222653,34.1042381,1575222453000;-118.3202261,34.1040302,1575222461000;-118.319388,34.1037674,1575222464000;-118.3175544,34.1023326,1575222474000;-118.3172732,34.102017,1575222476000;-118.3170999,34.1016837,1575222477000;-118.3169153,34.1016849,1575222481000;-118.3163196,34.1016877,1575222485000;-118.3161245,34.1016856,1575222487000;-118.3158983,34.1016868,1575222490000;-118.3158091,34.1016873,1575222491000;-118.3155645,34.1016892,1575222494000;-118.3149229,34.1016942,1575222499000;-118.3147249,34.1016957,1575222500000;-118.3143417,34.1017018,1575222503000;-118.3141615,34.1017047,1575222504000;-118.3139582,34.1017056,1575222505000;-118.3139174,34.1017056,1575222506000;-118.3136447,34.1017058,1575222508000;-118.3133556,34.1017108,1575222512000;-118.312268,34.1017183,1575222519000;-118.3114884,34.1017226,1575222526000;-118.3107081,34.1017299,1575222533000;-118.3099389,34.1017363,1575222539000;-118.3092713,34.1017355,1575222543000;-118.3092688,34.1021756,1575222550000;-118.3092709,34.1022728,1575222551000;-118.3092808,34.1026624,1575222554000;-118.3092825,34.1027761,1575222555000;-118.309282,34.1029631,1575222556000;-118.3092837,34.103351,1575222559000;-118.3092779,34.1037107,1575222561000;-118.3092805,34.104029,1575222563000;-118.3092818,34.1041897,1575222565000;-118.3092847,34.104497,1575222569000;-118.3092871,34.1046866,1575222570000;-118.3092894,34.1050673,1575222573000;-118.309289,34.1053822,1575222575000;-118.3092952,34.1059215,1575222581000;-118.3092979,34.1060599,1575222582000;-118.3093018,34.1063698,1575222584000;-118.3093145,34.1068043,1575222587000;-118.3091766,34.1076653,1575222593000;-118.3083804,34.1079149,1575222598000;-118.3082048,34.1079514,1575222599000;-118.3078343,34.1080683,1575222602000;-118.3071898,34.1082074,1575222608000;-118.3060688,34.1084365,1575222614000;-118.3040482,34.1088269,1575222626000;-118.3028493,34.1090651,1575222634000;-118.3020649,34.1092225,1575222638000;-118.3020248,34.1090212,1575222647000;-118.302009,34.10774,1575222647000;
-118.3570198,34.1350241,1575790322000;-118.3520277,34.1340457,1575790380000;-118.3521339,34.1338907,1575790389000;-118.3522981,34.1336623,1575790391000;-118.3524157,34.1334742,1575790393000;-118.3526153,34.133097,1575790396000;-118.3527368,34.1327628,1575790399000;-118.3529555,34.1322195,1575790403000;-118.3530149,34.1321222,1575790406000;-118.3528892,34.1320683,1575790411000;-118.352569,34.1319079,1575790416000;-118.352371,34.1317842,1575790418000;-118.3519924,34.1316109,1575790421000;-118.3519371,34.1315816,1575790421000;-118.3517273,34.1314302,1575790423000;-118.3515715,34.1313304,1575790424000;-118.3513666,34.1311968,1575790426000;-118.3512596,34.1311239,1575790429000;-118.3512027,34.1310919,1575790429000;-118.3507512,34.1308035,1575790433000;-118.3504289,34.1305966,1575790436000;-118.3502506,34.1304821,1575790437000;-118.3499935,34.1303169,1575790440000;-118.3497298,34.1301471,1575790444000;-118.3493145,34.1298772,1575790447000;-118.3492889,34.1298592,1575790448000;-118.3490279,34.1296897,1575790450000;-118.3489416,34.1296357,1575790451000;-118.3488659,34.1295834,1575790451000;-118.348742,34.1295011,1575790452000;-118.3484389,34.1292906,1575790455000;-118.3480959,34.1290452,1575790460000;-118.3479744,34.1289583,1575790461000;-118.3476059,34.1286955,1575790464000;-118.3472387,34.128442,1575790467000;-118.3471326,34.1285725,1575790474000;-118.3471013,34.1286097,1575790474000;-118.3468433,34.128935,1575790477000;-118.3467729,34.1290216,1575790478000;-118.3463366,34.1295715,1575790485000;-118.3454018,34.1307069,1575790496000;-118.345226,34.1309134,1575790498000;-118.3448278,34.1313885,1575790503000;-118.3448056,34.1314159,1575790503000;-118.3446679,34.1315857,1575790505000;-118.3446393,34.1316298,1575790505000;-118.3445936,34.1317004,1575790506000;-118.3445223,34.1318106,1575790507000;-118.3444483,34.1319938,1575790510000;-118.3444364,34.1320233,1575790511000;-118.3443253,34.1323299,1575790513000;-118.3442274,34.132584,1575790517000;-118.3441654,34.1327122,1575790519000;-118.3441063,34.1328408,1575790520000;-118.3439806,34.1330661,1575790522000;-118.3438276,34.13328,1575790524000;-118.3424335,34.1349687,1575790540000;-118.3422777,34.1352475,1575790543000;-118.3420145,34.1361823,1575790550000;-118.3419591,34.136788,1575790557000;-118.3416239,34.1389586,1575790575000;-118.3415305,34.1395987,1575790580000;-118.3416773,34.1410362,1575790592000;-118.341707,34.1411818,1575790593000;-118.341788,34.1416135,1575790596000;-118.3417965,34.1417411,1575790597000;-118.3418008,34.1419038,1575790599000;-118.3417719,34.1422622,1575790602000;-118.341754,34.142359,1575790602000;-118.3414865,34.1431296,1575790609000;-118.3410783,34.1440073,1575790618000;-118.3409002,34.1447417,1575790624000;-118.3408981,34.1452413,1575790628000;-118.3409204,34.1455095,1575790631000;-118.3410772,34.1459607,1575790634000;-118.3415735,34.1457444,1575790647000;-118.3418198,34.1456317,1575790651000;-118.3419434,34.1455718,1575790652000;-118.3419925,34.1455482,1575790653000;-118.3429284,34.1452779,1575790667000;-118.3431047,34.1455673,1575790674000;-118.3433592,34.1460017,1575790682000;-118.3437868,34.1467646,1575790695000;-118.3442753,34.1476472,1575790711000;-118.3447419,34.1486204,1575790725000;-118.3452823,34.1484379,1575790734000;-118.3461916,34.1481307,1575790743000;
-118.3335832,33.9030119,1576504804000;-118.3331191,33.90302,1576504810000;-118.3330308,33.9030219,1576504812000;-118.3330325,33.9027943,1576504820000;-118.3330337,33.9025883,1576504823000;-118.3330356,33.902281,1576504827000;-118.3330377,33.9019207,1576504832000;-118.3327088,33.9019195,1576504836000;-118.3325994,33.9019191,1576504837000;-118.3323712,33.9019183,1576504838000;-118.3320316,33.901917,1576504840000;-118.3313075,33.9019174,1576504844000;-118.3311483,33.9019172,1576504845000;-118.3308574,33.9019174,1576504847000;-118.3306159,33.9019154,1576504850000;-118.3304546,33.9019171,1576504851000;-118.3302345,33.9019195,1576504853000;-118.3297611,33.901925,1576504855000;-118.3291149,33.901926,1576504859000;-118.3286836,33.9019267,1576504862000;-118.3282472,33.9019256,1576504864000;-118.327859,33.9019246,1576504866000;-118.3276241,33.9019233,1576504868000;-118.3273125,33.9018767,1576504870000;-118.327113,33.9018778,1576504871000;-118.3269983,33.9018785,1576504872000;-118.326613,33.9018763,1576504874000;-118.3264656,33.9018758,1576504877000;-118.3262504,33.9018717,1576504880000;-118.3259696,33.901869500000004,1576504882000;-118.3259066,33.9018686,1576504882000;-118.3256444,33.9018661,1576504884000;-118.3252308,33.9018659,1576504886000;-118.3245296,33.9018666,1576504890000;-118.3239886,33.9018664,1576504894000;-118.3224974,33.9018765,1576504902000;-118.3219134,33.9018763,1576504906000;-118.3215081,33.9018778,1576504908000;-118.3214507,33.901877999999996,1576504908000;-118.321306,33.9018772,1576504909000;-118.3211277,33.9018774,1576504910000;-118.3206472,33.9018791,1576504913000;-118.320252,33.9018778,1576504917000;-118.3200504,33.9018771,1576504919000;-118.3198274,33.9018761,1576504920000;-118.3195458,33.9018748,1576504922000;-118.3187186,33.9018746,1576504926000;-118.3186744,33.9018749,1576504927000;-118.3183957,33.9018765,1576504928000;-118.3180923,33.9018783,1576504930000;-118.3178616,33.9018797,1576504931000;-118.3174843,33.9018716,1576504936000;-118.3170752,33.9018734,1576504938000;-118.3164107,33.901879,1576504942000;-118.3157389,33.9018811,1576504946000;-118.3146277,33.9018821,1576504952000;-118.3139277,33.9018847,1576504957000;-118.3138717,33.9018849,1576504957000;-118.313695,33.9018856,1576504958000;-118.3135064,33.9018863,1576504959000;-118.3132363,33.9018881,1576504963000;-118.3122765,33.9018918,1576504968000;-118.3114398,33.901893,1576504973000;-118.3111912,33.901894999999996,1576504975000;-118.3106987,33.9018991,1576504977000;-118.3104312,33.9018969,1576504979000;-118.3101372,33.9018911,1576504981000;-118.3099777,33.9018891,1576504982000;-118.3096459,33.9018849,1576504984000;-118.309109,33.9018781,1576504987000;-118.3086468,33.9018761,1576504992000;-118.3080914,33.9018744,1576504995000;-118.3075672,33.9018736,1576504998000;-118.3068051,33.9018724,1576505002000;-118.3066245,33.9018716,1576505003000;-118.3055117,33.901867,1576505010000;-118.3054093,33.9018666,1576505011000;-118.304777,33.9018544,1576505014000;-118.3040231,33.9018601,1576505019000;-118.3037852,33.9018613,1576505020000;-118.3030074,33.9018651,1576505025000;-118.3029497,33.9018654,1576505025000;-118.3025874,33.9018671,1576505027000;-118.3020291,33.9018647,1576505030000;-118.3019794,33.9018645,1576505031000;-118.301532,33.9018626,1576505033000;-118.301494,33.9018624,1576505034000;-118.3014261,33.9018618,1576505034000;-118.3009269,33.9018576,1576505037000;-118.3008585,33.901857,1576505037000;-118.3006778,33.901855499999996,1576505038000;-118.3004019,33.9018532,1576505040000;-118.2998028,33.9018485,1576505045000;-118.2994068,33.9018498,1576505048000;-118.2992338,33.9018498,1576505049000;-118.2985716,33.9018497,1576505053000;-118.2968328,33.9018432,1576505063000;-118.296581,33.9018462,1576505064000;-118.2960579,33.9018525,1576505067000;-118.2956486,33.9018503,1576505070000;-118.2946638,33.9018469,1576505076000;-118.2945,33.9018501,1576505076000;-118.2938867,33.9018453,1576505080000;-118.2932358,33.9018478,1576505084000;-118.2929498,33.9018461,1576505086000;-118.2919472,33.9018418,1576505092000;-118.291594,33.9018403,1576505097000;-118.2911692,33.9018384,1576505101000;-118.2906997,33.9018364,1576505105000;-118.2898942,33.9018329,1576505110000;-118.2896508,33.9018319,1576505112000;-118.2893272,33.9018305,1576505114000;-118.2893262,33.9017162,1576505121000;-118.2893392,33.9010336,1576505132000;-118.2876322,33.9010294,1576505140000;
-118.3433546,34.1008966,1576714359000;-118.3450036,34.1008846,1576714376000;-118.3449143,34.100586,1576714382000;-118.344889,34.1005013,1576714383000;-118.3448477,34.1003114,1576714385000;-118.3447539,34.1000501,1576714389000;-118.344674,34.0997831,1576714391000;-118.3446006,34.0995334,1576714395000;-118.3445543,34.0993759,1576714397000;-118.3445018,34.0991974,1576714398000;-118.34445,34.0990259,1576714400000;-118.3443597,34.0987271,1576714402000;-118.3442956,34.098515,1576714404000;-118.3442628,34.0984064,1576714405000;-118.3442481,34.0983566,1576714405000;-118.3441358,34.0979863,1576714409000;-118.3447323,34.0979888,1576714421000;-118.3446364,34.0979884,1576714421000;-118.3451068,34.0979902,1576714424000;-118.3452084,34.0979908,1576714425000;-118.3455782,34.0979923,1576714427000;-118.3462625,34.0979952,1576714432000;-118.3467892,34.0979973,1576714436000;-118.3471127,34.0979969,1576714438000;-118.3474738,34.0979996,1576714440000;-118.3476693,34.098001,1576714442000;-118.3478726,34.0980018,1576714443000;-118.3478166,34.0980016,1576714443000;-118.34806090000001,34.0980026,1576714447000;-118.3482209,34.0980032,1576714448000;-118.3483564,34.0980038,1576714449000;-118.3486105,34.0980042,1576714452000;-118.3489775,34.0980064,1576714455000;-118.3491969,34.0980073,1576714456000;-118.3495697,34.0980088,1576714459000;-118.3499313,34.0980103,1576714461000;-118.3500496,34.0980108,1576714462000;-118.3503559,34.0980121,1576714464000;-118.3502235,34.0980115,1576714464000;-118.3505997,34.0980131,1576714466000;-118.3506716,34.0980134,1576714467000;-118.3510285,34.0980149,1576714471000;-118.3513204,34.0980158,1576714473000;-118.351512,34.0980164,1576714475000;-118.3517583,34.0980171,1576714476000;-118.3521701,34.0980196,1576714479000;
-118.5074423,34.3315328,1575224002000;-118.5037055,34.3252852,1575224034000;-118.5032308,34.3249559,1575224036000;-118.5022773,34.3242181,1575224040000;-118.5012485,34.3236275,1575224044000;-118.4959195,34.3206604,1575224064000;-118.490093,34.3154981,1575224091000;-118.4894556,34.3146402,1575224095000;-118.4887425,34.3136596,1575224100000;-118.4868102,34.3109876,1575224112000;-118.483334,34.3070052,1575224130000;-118.4813603,34.3049416,1575224140000;-118.4798883,34.3033979,1575224148000;-118.47960810000001,34.3030936,1575224149000;-118.4785675,34.3020013,1575224155000;-118.477248,34.3006561,1575224161000;-118.4768664,34.3002706,1575224163000;-118.4730264,34.2964063,1575224182000;-118.4698964,34.2932543,1575224198000;-118.4692588,34.2923868,1575224202000;-118.4681032,34.2861602,1575224227000;-118.4687621,34.2833249,1575224238000;-118.4695485,34.2801318,1575224250000;-118.469769,34.2793558,1575224253000;-118.4699372,34.2788146,1575224256000;-118.4703117,34.2776808,1575224260000;-118.4706912,34.2766218,1575224264000;-118.4720579,34.2724859,1575224281000;-118.4721714,34.2717322,1575224284000;-118.4722554,34.2690061,1575224294000;-118.4722769,34.2663978,1575224304000;-118.4722903,34.2654811,1575224307000;-118.4722902,34.265004,1575224309000;-118.4722921,34.2641406,1575224313000;-118.4723213,34.2605894,1575224326000;-118.4723277,34.2599154,1575224329000;-118.4723364,34.259072,1575224332000;-118.4723586,34.2567791,1575224341000;-118.4723785,34.25451,1575224349000;-118.4723807,34.2541371,1575224351000;-118.4723954,34.2525741,1575224357000;-118.4724196,34.250281,1575224365000;-118.4724231,34.2497864,1575224367000;-118.4724373,34.2490942,1575224370000;-118.473096,34.2430345,1575224393000;-118.4730998,34.242623,1575224395000;-118.4731319,34.2393674,1575224407000;-118.4731518,34.2371667,1575224416000;-118.4731665,34.2357958,1575224421000;-118.4731695,34.2353512,1575224423000;-118.4731868,34.2336198,1575224429000;-118.4731923,34.2330724,1575224431000;-118.4731997,34.2320797,1575224435000;-118.4732333,34.2286066,1575224448000;-118.4732432,34.2280353,1575224451000;-118.4732902,34.2250107,1575224462000;-118.4733034,34.2217383,1575224475000;-118.473309,34.2210568,1575224477000;-118.4733319,34.218748,1575224486000;-118.4733425,34.2177209,1575224490000;-118.4733505,34.2167889,1575224494000;-118.4733611,34.2162583,1575224496000;-118.4734543,34.2086504,1575224525000;-118.4734608,34.2082465,1575224526000;-118.4734839,34.2045278,1575224540000;-118.4734765,34.2041627,1575224542000;-118.4735589,34.2015187,1575224552000;-118.4736287,34.2009431,1575224554000;-118.4736879,34.2006374,1575224555000;-118.4738143,34.2000046,1575224558000;-118.4741705,34.1983625,1575224564000;-118.4743376,34.1974432,1575224568000;-118.4744089,34.1941302,1575224580000;-118.4744013,34.1936324,1575224582000;-118.4743665,34.1916091,1575224590000;-118.4743644,34.1914687,1575224590000;-118.4743115,34.1879299,1575224604000;-118.4743105,34.1878664,1575224604000;-118.4743038,34.1875417,1575224605000;-118.4739701,34.1853883,1575224614000;-118.4735016,34.1843617,1575224618000;-118.46833,34.1767373,1575224651000;-118.4683232,34.1689187,1575224682000;-118.4695661,34.1664752,1575224692000;-118.4697148,34.1655994,1575224695000;-118.4697303,34.1651755,1575224697000;-118.469894,34.1645314,1575224700000;-118.4701077,34.1637313,1575224704000;-118.4703623,34.1635002,1575224706000;-118.47051,34.1633562,1575224707000;-118.470906,34.1630495,1575224709000;-118.4718936,34.1635607,1575224714000;-118.4721351,34.1636798,1575224715000;-118.4732184,34.1645641,1575224720000;-118.4735754,34.1647739,1575224721000;-118.4740328,34.1649345,1575224723000;-118.4762189,34.1654458,1575224730000;-118.4890027,34.165301,1575224770000;-118.4921912,34.1654805,1575224780000;-118.4925594,34.1655769,1575224782000;-118.4970971,34.1681557,1575224799000;-118.5009299,34.1704803,1575224814000;-118.5012837,34.1706232,1575224815000;-118.50502,34.1712818,1575224828000;-118.5152281,34.1712696,1575224860000;-118.5183729,34.1713058,1575224870000;-118.5187436,34.1713054,1575224871000;-118.5218629,34.1712849,1575224881000;-118.5271295,34.1712709,1575224897000;-118.5274608,34.1712704,1575224899000;-118.531988,34.1720114,1575224913000;-118.5323399,34.1721605,1575224915000;-118.5358247,34.173318,1575224926000;-118.5362109,34.1733535,1575224928000;-118.5413176,34.1734519,1575224944000;-118.5445711,34.1735215,1575224954000;-118.5448992,34.1735262,1575224955000;-118.5496587,34.1736041,1575224970000;-118.5532984,34.173649,1575224982000;-118.5536656,34.1736534,1575224983000;-118.5570328,34.173709,1575224994000;-118.562071,34.1735385,1575225010000;-118.5623728,34.1735123,1575225011000;-118.5677822,34.1730217,1575225028000;-118.5707573,34.1723707,1575225037000;-118.5711197,34.1722525,1575225039000;-118.5743013,34.1711152,1575225050000;-118.5835135,34.1681572,1575225081000;-118.5880233,34.1681226,1575225095000;-118.5883506,34.1681571,1575225096000;-118.5931828,34.1689062,1575225112000;-118.593826,34.1689975,1575225114000;-118.5972984,34.1695251,1575225125000;-118.5976013,34.1695713,1575225126000;-118.6024172,34.1702957,1575225142000;-118.6047702,34.1706534,1575225149000;-118.6056136,34.1708634,1575225153000;-118.6060736,34.1709508,1575225154000;-118.60605,34.171611,1575225177000;-118.60591170000001,34.1711796,1575225180000;-118.6059062,34.1705253,1575225184000;-118.6059076,34.1701285,1575225187000;-118.6059083,34.1696718,1575225190000;-118.6059143,34.1695026,1575225193000;-118.6059121,34.1692806,1575225194000;-118.6059118,34.1691835,1575225195000;-118.6059072,34.1690498,1575225196000;-118.6059214,34.1685149,1575225199000;-118.6059368,34.1680485,1575225204000;-118.6059378,34.1675927,1575225207000;-118.6060536,34.1675951,1575225213000;-118.6061905,34.1676004,1575225215000;-118.6065379,34.1676074,1575225217000;-118.6067156,34.1676097,1575225219000;-118.6070648,34.1676157,1575225222000;-118.6082513,34.1676357,1575225232000;-118.6082462,34.1668029,1575225237000;
-118.2911324,34.1584024,1575310786000;-118.289811,34.1582201,1575310820000;-118.2892971,34.158708,1575310833000;-118.2885944,34.1593695,1575310851000;-118.287672,34.1601743,1575310873000;-118.2871273,34.1597757,1575310884000;-118.2868078,34.1595418,1575310887000;-118.2865219,34.1593382,1575310889000;-118.286248,34.1591432,1575310892000;-118.2861487,34.1590725,1575310892000;-118.2857381,34.1587803,1575310896000;-118.2856938,34.1587487,1575310896000;-118.2850225,34.1593838,1575310907000;-118.2848899,34.1595119,1575310909000;-118.2843944,34.1599906,1575310915000;-118.2838204,34.160537,1575310922000;-118.2837651,34.1605897,1575310923000;-118.2835789,34.1607669,1575310925000;-118.2832365,34.1610982,1575310930000;-118.282738,34.1614608,1575310938000;-118.2821432,34.1613394,1575310942000;-118.2810502,34.1604208,1575310951000;-118.2805216,34.1599773,1575310955000;-118.2803342,34.1598186,1575310957000;-118.2799638,34.1600953,1575310964000;-118.279632,34.1603468,1575310969000;-118.2778955,34.1618229,1575310997000;-118.2775442,34.1621836,1575311003000;-118.2767037,34.1616642,1575311014000;-118.2758272,34.1612142,1575311019000;-118.2755446,34.1610854,1575311021000;-118.2748678,34.1608005,1575311025000;-118.2741608,34.1605365,1575311031000;-118.2727881,34.1601623,1575311034000;
-118.330313,33.9563647,1577569654000;-118.3298208,33.9563654,1577569655000;-118.3287396,33.9563669,1577569667000;-118.3276643,33.9563683,1577569679000;-118.3276734,33.9580208,1577569703000;-118.3271089,33.9580201,1577569715000;-118.3265097,33.9580194,1577569722000;-118.3265086,33.9567139,1577569736000;-118.3265083,33.9563049,1577569739000;-118.3265023,33.9556467,1577569744000;-118.3264993,33.9553171,1577569746000;-118.3264985,33.955232,1577569747000;-118.3265088,33.9541208,1577569754000;-118.3265085,33.9530892,1577569762000;-118.3265084,33.9527268,1577569764000;-118.3265083,33.9523384,1577569767000;-118.3265082,33.951852,1577569770000;-118.3265082,33.9519246,1577569770000;-118.326508,33.9512957,1577569774000;-118.326508,33.9510752,1577569776000;-118.3265076,33.949577,1577569786000;-118.3265075,33.9491293,1577569790000;-118.3265061,33.9487438,1577569792000;-118.3265097,33.9464456,1577569809000;-118.3265646,33.9460421,1577569811000;-118.3265643,33.9461399,1577569811000;-118.3265654,33.9459045,1577569812000;-118.3265647,33.9454716,1577569815000;-118.3264315,33.9454738,1577569820000;-118.3256042,33.945417,1577569827000;-118.3253655,33.945414,1577569829000;-118.3231348,33.9454171,1577569842000;-118.3227555,33.9454189,1577569844000;-118.3221273,33.9454294,1577569848000;-118.3220213,33.9454314,1577569850000;-118.3216631,33.9454263,1577569852000;-118.3188538,33.9454041,1577569869000;-118.3185525,33.9454038,1577569871000;-118.3182472,33.9454498,1577569872000;-118.3177376,33.9454652,1577569875000;-118.3172057,33.9454639,1577569881000;-118.3167682,33.9454628,1577569883000;-118.3164608,33.945462,1577569885000;-118.3162967,33.9454616,1577569886000;-118.3160152,33.9454608,1577569887000;-118.3143128,33.9454608,1577569897000;-118.3140811,33.9454608,1577569899000;-118.3139703,33.9454608,1577569899000;-118.3138407,33.9454608,1577569900000;-118.3134085,33.9454598,1577569903000;-118.3129367,33.9454608,1577569907000;-118.3122958,33.9454608,1577569911000;-118.3120004,33.9454618,1577569913000;-118.3112333,33.9454645,1577569917000;-118.3109318,33.9454645,1577569919000;-118.3101712,33.9454645,1577569924000;-118.3099424,33.9454636,1577569925000;-118.309742,33.9454629,1577569926000;-118.3096133,33.9454624,1577569927000;-118.308991,33.9454601,1577569931000;-118.3084251,33.9454601,1577569936000;-118.30838,33.9454603,1577569936000;-118.3082895,33.9454606,1577569937000;-118.3080903,33.9454614,1577569938000;-118.3078645,33.9454623,1577569939000;-118.30742240000001,33.9454635,1577569942000;-118.3072458,33.945464,1577569943000;-118.306805,33.9454652,1577569945000;-118.3063793,33.945467,1577569948000;-118.3061959,33.9454677,1577569949000;-118.3057244,33.9454697,1577569952000;-118.3053276,33.9454678,1577569954000;-118.3051386,33.9454669,1577569955000;-118.3046451,33.9454646,1577569958000;-118.3042244,33.9454657,1577569962000;-118.3024984,33.9454703,1577569972000;-118.3010617,33.9454901,1577569981000;-118.3007438,33.9454448,1577569983000;-118.3002764,33.9454486,1577569986000;-118.2999689,33.9454466,1577569989000;-118.2995302,33.9454832,1577569992000;-118.299129,33.9454832,1577569994000;-118.2969093,33.9454834,1577570007000;-118.2961476,33.9454835,1577570012000;-118.29531,33.9454836,1577570019000;-118.2930834,33.9454841,1577570032000;-118.2925515,33.9454842,1577570035000;-118.2918895,33.945484,1577570039000;-118.2915941,33.9454882,1577570042000;-118.2913416,33.9454927,1577570046000;-118.2910833,33.9454972,1577570047000;-118.2909921,33.9454988,1577570048000;-118.2908912,33.9454994,1577570049000;-118.2903005,33.9454997,1577570052000;-118.2893538,33.9455001,1577570058000;-118.2875614,33.9455077,1577570068000;-118.2875161,33.9455079,1577570068000;-118.2874552,33.9455081,1577570069000;-118.2869461,33.9455099,1577570072000;-118.2865259,33.9455115,1577570076000;-118.2863875,33.945512,1577570077000;-118.2863076,33.9455123,1577570077000;-118.2847819,33.945517099999996,1577570086000;-118.283459,33.9455222,1577570094000;-118.283199,33.945525599999996,1577570096000;-118.2831688,33.945526,1577570096000;-118.2826388,33.9455328,1577570099000;-118.282368,33.9455328,1577570103000;-118.2821445,33.9455329,1577570104000;-118.2818129,33.9455353,1577570106000;-118.2808403,33.9455423,1577570112000;-118.2807864,33.9455427,1577570112000;-118.2803238,33.9455458,1577570115000;-118.2800826,33.9455445,1577570118000;-118.2793732,33.9455405,1577570122000;-118.2791622,33.9455393,1577570123000;-118.2789728,33.9455417,1577570126000;-118.2788231,33.9455436,1577570127000;-118.2783952,33.9455489,1577570130000;-118.2781009,33.9455511,1577570134000;-118.2775403,33.9455489,1577570139000;-118.2769553,33.9455528,1577570142000;-118.2767561,33.9455541,1577570143000;-118.2761965,33.9455578,1577570147000;-118.2757164,33.9455622,1577570150000;-118.2747891,33.9455708,1577570155000;-118.2744934,33.9455735,1577570157000;-118.2744531,33.9455739,1577570157000;-118.2738818,33.9455792,1577570160000;-118.2733427,33.9455801,1577570166000;-118.2731432,33.9455804,1577570167000;-118.2730165,33.9455806,1577570167000;-118.2728827,33.945580899999996,1577570168000;-118.2717165,33.9455828,1577570175000;-118.2700251,33.945597,1577570185000;-118.2695308,33.9456011,1577570188000;-118.2690446,33.9456027,1577570193000;-118.2689529,33.9456031,1577570193000;-118.2673311,33.9455845,1577570203000;-118.2657702,33.9455982,1577570212000;-118.2656928,33.945599,1577570212000;-118.2656454,33.9455994,1577570213000;-118.2654595,33.9456012,1577570214000;-118.2651521,33.9456042,1577570215000;-118.2651539,33.9453765,1577570225000;-118.2651557,33.9451507,1577570226000;-118.2651553,33.9451987,1577570226000;-118.2651566,33.9450323,1577570227000;-118.2651579,33.9448632,1577570228000;-118.2651594,33.9446687,1577570230000;-118.2651609,33.9442897,1577570232000;-118.265162,33.9440242,1577570234000;-118.2651631,33.9437595,1577570236000;-118.2651552,33.9432864,1577570240000;-118.2651537,33.9431974,1577570240000;-118.2651576,33.9428336,1577570243000;-118.2651604,33.9424979,1577570245000;-118.2651618,33.9423343,1577570246000;-118.2651653,33.941919999999996,1577570249000;-118.265168,33.941675599999996,1577570253000;-118.2651751,33.9410294,1577570258000;-118.2651753,33.9401445,1577570264000;-118.26517,33.9392798,1577570270000;-118.2651706,33.9387911,1577570274000;-118.2651712,33.9382896,1577570277000;-118.2651633,33.9373808,1577570284000;-118.2651573,33.9372644,1577570285000;-118.2651763,33.9364665,1577570290000;-118.2651753,33.9356781,1577570296000;-118.2651648,33.9348038,1577570302000;-118.2651648,33.9339208,1577570309000;-118.2651648,33.9335846,1577570311000;-118.2651648,33.933217,1577570314000;-118.2651648,33.9329594,1577570316000;-118.2651563,33.9324823,1577570319000;-118.2651563,33.9321334,1577570322000;-118.2651563,33.9319411,1577570323000;-118.2651601,33.9314977,1577570326000;-118.2651617,33.9313119,1577570327000;-118.2651639,33.9310527,1577570329000;-118.2651661,33.930695,1577570334000;-118.2651699,33.9300949,1577570339000;-118.2621522,33.9300895,1577570355000;
-118.3258308,34.0636794,1577478904000;-118.3275765,34.0638751,1577478908000;-118.3276364,34.0633826,1577478917000;-118.3276357,34.0633424,1577478917000;-118.3276342,34.0632238,1577478918000;-118.3276334,34.0630445,1577478920000;-118.3276319,34.0627649,1577478922000;-118.3276306,34.062422,1577478925000;-118.3276278,34.0619141,1577478929000;-118.3274619,34.0619121,1577478934000;-118.3269551,34.061902,1577478939000;-118.3262359,34.0618873,1577478943000;-118.3258082,34.0618785,1577478946000;-118.3256881,34.0618785,1577478946000;-118.3249938,34.0618591,1577478950000;-118.3247856,34.0618545,1577478952000;-118.32435770000001,34.061843,1577478954000;-118.3241002,34.0618359,1577478958000;-118.3235412,34.0618226,1577478963000;-118.3234377,34.0618201,1577478964000;-118.3232613,34.0618184,1577478965000;-118.3228471,34.0618145,1577478967000;-118.3222645,34.0617973,1577478972000;-118.3220662,34.0617914,1577478974000;-118.3214315,34.061777,1577478977000;-118.3207094,34.061758,1577478982000;-118.3203326,34.0617504,1577478984000;-118.3199772,34.0617447,1577478986000;-118.319155,34.0617292,1577478991000;-118.3185178,34.0617152,1577478996000;-118.318322,34.0617082,1577478998000;-118.3181386,34.0617061,1577478999000;-118.3178845,34.0617032,1577479000000;-118.3177594,34.0617032,1577479001000;-118.3175533,34.061701,1577479002000;-118.3173581,34.0617021,1577479003000;-118.3167229,34.0617058,1577479007000;-118.316063,34.0617037,1577479013000;-118.3158829,34.0617045,1577479014000;-118.3152672,34.0617074,1577479017000;-118.3151203,34.0617058,1577479018000;-118.3149266,34.0617085,1577479020000;-118.3147116,34.061706,1577479021000;-118.3141909,34.0617,1577479024000;-118.3138058,34.0617,1577479028000;-118.3137509,34.0617001,1577479028000;-118.3133626,34.0617006,1577479031000;-118.312705,34.0616585,1577479035000;-118.3121633,34.0616589,1577479038000;-118.3115534,34.0616639,1577479041000;-118.3111923,34.0616578,1577479046000;-118.3107876,34.0616561,1577479050000;-118.3107257,34.0616567,1577479050000;-118.3100524,34.0617013,1577479054000;-118.309736,34.0617027,1577479056000;-118.3096294,34.0617032,1577479057000;-118.309108,34.0617056,1577479060000;-118.3091074,34.0611988,1577479071000;-118.309102,34.0609405,1577479073000;-118.3091012,34.0608991,1577479073000;-118.309097,34.0606844,1577479075000;-118.3090961,34.0604855,1577479076000;-118.3090959,34.0604333,1577479076000;-118.3090954,34.0603343,1577479077000;-118.3090949,34.060235,1577479078000;-118.3090973,34.0600625,1577479079000;-118.3090966,34.0601112,1577479079000;-118.3090887,34.0596781,1577479082000;-118.309092,34.0593499,1577479086000;-118.3090944,34.0591075,1577479088000;-118.3090987,34.0586849,1577479091000;-118.3091004,34.0585076,1577479092000;-118.3091018,34.0583711,1577479093000;-118.3091052,34.0580291,1577479096000;-118.3091021,34.057733,1577479100000;-118.3091018,34.0577141,1577479100000;-118.3091012,34.0576418,1577479101000;-118.3090988,34.0570584,1577479105000;-118.309098,34.056871,1577479106000;-118.3090962,34.0564327,1577479109000;-118.3090955,34.0562506,1577479111000;-118.3090949,34.0561171,1577479112000;-118.3090937,34.05584,1577479114000;-118.3090893,34.0555849,1577479117000;-118.3090835,34.0552523,1577479120000;-118.3090753,34.0547812,1577479123000;-118.3090733,34.0546631,1577479124000;-118.3090695,34.054441,1577479126000;-118.3090695,34.0542096,1577479129000;-118.3090694,34.0537625,1577479132000;-118.3090694,34.0535411,1577479134000;-118.3090709,34.053461,1577479135000;-118.3090777,34.0530827,1577479137000;-118.3090796,34.0529802,1577479138000;-118.309076,34.0526375,1577479141000;-118.3090696,34.0520258,1577479147000;-118.3090705,34.0518978,1577479148000;-118.3090716,34.0517285,1577479149000;-118.3090733,34.0512476,1577479153000;-118.3089318,34.05125,1577479157000;-118.3086427,34.0512548,1577479161000;
-118.4486931,34.2448934,1577143765000;-118.4475227,34.2449771,1577143789000;-118.447348,34.2450487,1577143795000;-118.4469675,34.2452165,1577143799000;-118.4472213,34.2456062,1577143805000;-118.4473783,34.2458338,1577143807000;-118.4475616,34.2461287,1577143809000;-118.4476505,34.2462651,1577143810000;-118.4476088,34.2462011,1577143810000;-118.4477513,34.2464199,1577143811000;-118.4477915,34.2464829,1577143812000;-118.448014,34.2468315,1577143815000;-118.4481697,34.2470754,1577143817000;-118.4478944,34.2472761,1577143824000;-118.4476262,34.2474715,1577143827000;-118.4475845,34.2475011,1577143827000;-118.4474948,34.2475673,1577143828000;-118.4471511,34.2478234,1577143830000;-118.4470165,34.2479229,1577143831000;-118.4466799,34.2481752,1577143834000;-118.4460272,34.2486521,1577143839000;-118.4457166,34.2488785,1577143842000;-118.4452651,34.2492148,1577143845000;-118.4449225,34.2494599,1577143850000;-118.4448116,34.2495397,1577143851000;-118.443687,34.2503581,1577143859000;-118.4435964,34.2504241,1577143860000;-118.4423183,34.2513543,1577143870000;-118.4419873,34.2516062,1577143873000;-118.4416375,34.2518516,1577143877000;-118.4409202,34.2523732,1577143883000;-118.4403914,34.2527662,1577143887000;-118.4400149,34.2530381,1577143890000;-118.4399932,34.2530543,1577143890000;-118.4399661,34.2530746,1577143890000;-118.4399374,34.2530961,1577143891000;-118.439827,34.253175,1577143891000;-118.4395248,34.2533927,1577143894000;-118.4393257,34.2535389,1577143895000;-118.4391351,34.2536826,1577143897000;-118.4390443,34.2537468,1577143898000;-118.4386958,34.2539965,1577143900000;-118.4384983,34.2541458,1577143904000;-118.4382231,34.2543444,1577143906000;-118.4380768,34.2544517,1577143907000;-118.4378805,34.2545967,1577143909000;-118.4375542,34.2548363,1577143911000;-118.4373938,34.2549502,1577143912000;-118.4370594,34.2551869,1577143915000;-118.4367171,34.255441,1577143918000;-118.4365656,34.2555504,1577143919000;-118.436234,34.255785,1577143921000;-118.43592,34.2559575,1577143924000;-118.4355236,34.2562527,1577143927000;-118.434181,34.257236,1577143937000;-118.4341469,34.2572606,1577143937000;-118.4339262,34.2574198,1577143939000;-118.4337876,34.257587,1577143941000;-118.4336052,34.2577196,1577143942000;-118.4333258,34.2579227,1577143944000;-118.4332395,34.2579855,1577143945000;-118.433186,34.2580244,1577143945000;-118.4329607,34.2581882,1577143947000;-118.4325892,34.2584582,1577143950000;-118.4321368,34.258787,1577143954000;-118.4317379,34.2590771,1577143959000;-118.4316561,34.2591366,1577143959000;-118.4316455,34.2591443,1577143959000;-118.4312991,34.2593962,1577143962000;-118.4309771,34.2596344,1577143965000;-118.4308304,34.259743,1577143966000;-118.4304958,34.2599906,1577143968000;-118.4302475,34.2601662,1577143970000;-118.4301538,34.2602325,1577143971000;-118.4296592,34.2605891,1577143975000;-118.4293863,34.2607909,1577143977000;-118.4292068,34.2609229,1577143978000;-118.4288467,34.261189,1577143981000;-118.4285129,34.261428,1577143984000;-118.4279843,34.2617606,1577143988000;-118.4275346,34.2621394,1577143991000;-118.4272161,34.2623747,1577143994000;-118.4268736,34.2626198,1577143997000;-118.4266468,34.2627323,1577143998000;-118.4263487,34.2629484,1577144001000;-118.4259661,34.2632755,1577144004000;-118.4259046,34.2633203,1577144004000;-118.4257082,34.263464,1577144006000;-118.4255571,34.2635744,1577144007000;-118.425203,34.2638324,1577144010000;-118.4246129,34.2642625,1577144014000;-118.4242218,34.2645466,1577144017000;-118.4240712,34.2646549,1577144019000;-118.423808,34.2648518,1577144021000;-118.4237671,34.2648803,1577144021000;-118.4234708,34.2650937,1577144023000;-118.4229892,34.2654522,1577144027000;-118.4226951,34.2656752,1577144029000;-118.4226013,34.2657476,1577144030000;-118.4225066,34.2658206,1577144031000;-118.4220751,34.2660735,1577144034000;-118.4216793,34.2663501,1577144039000;-118.4215298,34.2664644,1577144040000;-118.4213443,34.2666594,1577144042000;-118.4210603,34.2668667,1577144044000;-118.4210176,34.2668976,1577144045000;-118.4209287,34.2669628,1577144045000;-118.4205368,34.2672489,1577144048000;-118.420317,34.2674093,1577144050000;-118.42002600000001,34.2676184,1577144052000;-118.4199247,34.2676911,1577144053000;-118.4195724,34.2679429,1577144056000;-118.4192689,34.2681623,1577144058000;-118.4191275,34.2682635,1577144059000;-118.4190105,34.2683472,1577144060000;-118.4188408,34.2684687,1577144062000;-118.4186886,34.2685796,1577144063000;-118.4184341,34.268768,1577144065000;-118.4182579,34.2688994,1577144066000;-118.4179753,34.2691126,1577144068000;-118.4174524,34.2695036,1577144072000;-118.4172513,34.269654,1577144074000;-118.4168747,34.2699206,1577144077000;-118.4168245,34.2699561,1577144077000;-118.416672,34.2700661,1577144079000;-118.4162333,34.2703869,1577144082000;-118.4158352,34.2706742,1577144085000;-118.4155948,34.2708516,1577144087000;-118.4152505,34.2710945,1577144090000;-118.4149464,34.2712953,1577144092000;-118.4146243,34.2715332,1577144094000;-118.414167,34.2718921,1577144098000;-118.4138901,34.272092,1577144100000;-118.4133699,34.2724675,1577144104000;-118.4130698,34.2726906,1577144107000;-118.4130228,34.2727255,1577144107000;-118.4128712,34.2728264,1577144108000;-118.4125398,34.2730836,1577144111000;-118.4122918,34.2732505,1577144113000;-118.4122333,34.2732944,1577144113000;-118.412151,34.273356,1577144114000;-118.4119587,34.2734993,1577144115000;-118.4119274,34.2735221,1577144116000;-118.4116992,34.2736929,1577144117000;-118.4113704,34.2739396,1577144122000;-118.4112543,34.2740126,1577144123000;-118.4111095,34.2741197,1577144124000;-118.4108178,34.2743319,1577144126000;-118.4107828,34.2743573,1577144126000;-118.4105177,34.2745502,1577144129000;-118.410416,34.2746242,1577144129000;-118.4101125,34.274845,1577144132000;-118.4096475,34.2751833,1577144135000;-118.4087655,34.2758249,1577144142000;-118.4084075,34.2760825,1577144145000;-118.4080704,34.2763316,1577144150000;-118.4078613,34.2764845,1577144151000;-118.4075333,34.2767245,1577144154000;-118.4074241,34.2768043,1577144155000;-118.4072815,34.2769086,1577144156000;-118.4068453,34.2772277,1577144159000;-118.4063448,34.2775941,1577144163000;-118.406209,34.2776936,1577144164000;-118.4059892,34.2778547,1577144166000;-118.405846,34.2779601,1577144167000;-118.4055357,34.2781868,1577144169000;-118.4051288,34.278485,1577144173000;-118.40479,34.2787297,1577144175000;-118.4046135,34.2788568,1577144177000;-118.404268,34.2791055,1577144179000;-118.4036812,34.2795395,1577144184000;-118.4035784,34.2796146,1577144185000;-118.4034591,34.2797018,1577144186000;-118.4025826,34.2803422,1577144192000;-118.4022974,34.2805453,1577144195000;-118.4018576,34.2808585,1577144198000;-118.4015152,34.2805364,1577144208000;-118.4013382,34.28037,1577144210000;-118.4002874,34.2793986,1577144219000;-118.4002671,34.2793801,1577144219000;-118.4002268,34.2793422,1577144220000;-118.3999195,34.2790539,1577144223000;-118.3991558,34.2783391,1577144229000;-118.3988845,34.2780863,1577144232000;-118.3986927,34.2779075,1577144233000;-118.3990199,34.2776683,1577144242000;-118.3990896,34.2776167,1577144243000;-118.3993718,34.2774111,1577144246000;-118.3997246,34.2771595,1577144250000;-118.400108,34.2775314,1577144270000;
-118.3561375,33.9154668,1576958666000;-118.3571762,33.9154631,1576958669000;-118.3571705,33.915974,1576958681000;-118.3571658,33.9164017,1576958687000;-118.3575105,33.9164011,1576958691000;-118.3576196,33.9164009,1576958692000;-118.3580163,33.9164002,1576958694000;-118.358445,33.9163995,1576958697000;-118.3591085,33.9163984,1576958700000;-118.3594429,33.9163978,1576958702000;-118.3606392,33.9163958,1576958709000;-118.3605122,33.916396,1576958709000;-118.3607302,33.9163956,1576958710000;-118.3610436,33.9163951,1576958712000;-118.3612338,33.9163948,1576958713000;-118.3613233,33.9163949,1576958716000;-118.3621666,33.9163966,1576958722000;-118.3627643,33.9163975,1576958726000;-118.3637483,33.9163972,1576958732000;-118.364168,33.9163971,1576958734000;-118.365579,33.9163948,1576958742000;-118.3656882,33.9163946,1576958743000;-118.366176,33.9163939,1576958746000;-118.366349,33.9163936,1576958747000;-118.3664412,33.9163934,1576958748000;-118.3666711,33.916393,1576958749000;-118.3666292,33.9163931,1576958749000;-118.3668315,33.9163928,1576958750000;-118.367084,33.9163924,1576958751000;-118.3676777,33.9163908,1576958755000;-118.367836,33.9163904,1576958756000;-118.3681748,33.9163884,1576958758000;-118.368726,33.9164569,1576958761000;-118.3688925,33.9164643,1576958762000;-118.3693787,33.9164632,1576958765000;-118.3698146,33.9164618,1576958768000;-118.3705012,33.9164561,1576958772000;-118.37135549999999,33.9164491,1576958777000;-118.3714808,33.9164488,1576958779000;-118.3722338,33.9164471,1576958786000;-118.372373,33.9164468,1576958787000;-118.3726076,33.9164463,1576958788000;-118.3730869,33.9164424,1576958791000;-118.3735233,33.91644,1576958795000;-118.3743539,33.9164313,1576958800000;-118.3743538,33.9163063,1576958806000;-118.3731339,33.9163187,1576958817000;-118.3718078,33.9156162,1576958832000;-118.3714101,33.9155533,1576958836000;-118.3709635,33.9151488,1576958838000;-118.3708338,33.9140065,1576958844000;-118.3705624,33.9132123,1576958848000;-118.3705637,33.9124506,1576958851000;-118.3705624,33.9119217,1576958853000;-118.3705619,33.9105963,1576958858000;-118.3705611,33.9097117,1576958861000;-118.3705638,33.9092439,1576958863000;-118.3705622,33.9057652,1576958876000;-118.3705609,33.9048037,1576958880000;-118.3705614,33.902133,1576958890000;-118.37056,33.9015574,1576958892000;-118.3705604,33.901166,1576958894000;-118.3704296,33.8988755,1576958903000;-118.3703142,33.8984727,1576958904000;-118.3699541,33.8976657,1576958907000;-118.3670189,33.894882,1576958922000;-118.3663344,33.8943913,1576958925000;-118.3642901,33.8929228,1576958933000;-118.3616244,33.8910143,1576958944000;-118.3610118,33.8905789,1576958947000;-118.3585772,33.8888308,1576958957000;-118.358264,33.8886071,1576958958000;-118.3569419,33.8876631,1576958964000;-118.3561776,33.887116,1576958967000;-118.355412,33.8865689,1576958970000;-118.3552235,33.8864288,1576958971000;-118.3530047,33.8848399,1576958980000;-118.3526665,33.8845982,1576958982000;-118.3520968,33.8841871,1576958984000;-118.3519263,33.8840701,1576958985000;-118.3477763,33.8804318,1576959004000;-118.3473644,33.8798958,1576959007000;-118.3472573,33.8797564,1576959007000;-118.3468722,33.8789119,1576959011000;-118.3463676,33.8780838,1576959016000;-118.3458815,33.8771137,1576959021000;-118.3456907,33.8767031,1576959023000;-118.3458636,33.8766479,1576959032000;-118.3480028,33.8759663,1576959045000;-118.3484103,33.8758364,1576959047000;-118.348851,33.8756959,1576959050000;-118.3486657,33.8752432,1576959061000;-118.3485134,33.8748799,1576959066000;-118.3461835,33.8756437,1576959070000;
-118.4636003,34.0694578,1576023185000;-118.4673381,34.0739448,1576023199000;-118.4687592,34.0757793,1576023207000;-118.4690242,34.0764911,1576023210000;-118.4694653,34.0771874,1576023214000;-118.4693237,34.0776402,1576023216000;-118.4691423,34.077458,1576023226000;-118.469095,34.0774099,1576023227000;-118.4688262,34.0768822,1576023230000;-118.4683289,34.0756672,1576023239000;-118.4683827,34.0756207,1576023246000;-118.4688009,34.0752024,1576023250000;-118.4688709,34.075065,1576023252000;-118.4689289,34.0748975,1576023253000;-118.4687062,34.0738411,1576023262000;-118.4684414,34.0734326,1576023266000;-118.4683028,34.0732582,1576023269000;-118.4682726,34.0731521,1576023270000;-118.4682203,34.0730952,1576023272000;-118.4674048,34.0724019,1576023282000;-118.4671221,34.0725375,1576023287000;-118.466358,34.07192,1576023292000;-118.4659433,34.0715549,1576023295000;-118.4655489,34.071328,1576023297000;-118.4650102,34.0706968,1576023300000;-118.4636022,34.0690998,1576023307000;-118.458982,34.0638756,1576023332000;-118.4582712,34.0630505,1576023336000;-118.4576556,34.0623335,1576023339000;-118.4560792,34.060444,1576023348000;-118.4554742,34.0596805,1576023351000;-118.4516158,34.0549302,1576023373000;-118.4512062,34.0544617,1576023375000;-118.4496788,34.0520082,1576023386000;-118.4492469,34.0507249,1576023391000;-118.4487012,34.0494188,1576023396000;-118.4482886,34.0487332,1576023399000;-118.4450897,34.0449261,1576023417000;-118.4446963,34.0444656,1576023419000;-118.4410393,34.0401794,1576023439000;-118.4406504,34.0397124,1576023441000;-118.4393467,34.0380656,1576023449000;-118.4388182,34.0370097,1576023453000;-118.4386682,34.0366807,1576023455000;-118.4382339,34.0357528,1576023458000;-118.437381,34.0344002,1576023464000;-118.4365272,34.0335285,1576023469000;-118.4325982,34.0298788,1576023487000;-118.432071,34.0292262,1576023490000;-118.4292368,34.0256136,1576023507000;-118.4283588,34.0244842,1576023512000;-118.4267163,34.0224045,1576023521000;-118.4210951,34.0152931,1576023554000;-118.4187968,34.0123885,1576023567000;-118.4187398,34.0123169,1576023567000;-118.4183763,34.0118606,1576023570000;-118.4181775,34.0115989,1576023571000;-118.4162103,34.009121,1576023582000;-118.4142654,34.0066219,1576023593000;-118.4142224,34.0065659,1576023594000;-118.4141556,34.0064802,1576023594000;-118.4138721,34.0060965,1576023596000;-118.4130176,34.0047661,1576023603000;-118.412509,34.0040821,1576023606000;-118.4125815,34.0028848,1576023613000;-118.4123606,34.002753,1576023618000;-118.412028,34.0025352,1576023621000;-118.411794,34.0023961,1576023623000;-118.4120676,34.0019899,1576023632000;-118.4120522,34.0020112,1576023632000;-118.4121537,34.0018712,1576023633000;-118.4122791,34.001704,1576023634000;-118.4126637,34.0012267,1576023638000;-118.4128692,34.0009685,1576023640000;-118.4134552,34.0002069,1576023645000;-118.4142,33.9992938,1576023654000;-118.4147745,33.9985986,1576023659000;-118.4148586,33.9984897,1576023662000;-118.4151715,33.9980867,1576023667000;-118.4153585,33.9978515,1576023669000;-118.4153057,33.9979164,1576023669000;-118.4166788,33.9962407,1576023681000;-118.4174006,33.9953293,1576023688000;-118.4177819,33.9948629,1576023692000;-118.418066,33.9945113,1576023696000;-118.4181635,33.9943916,1576023697000;-118.4192224,33.9930827,1576023707000;-118.4203634,33.9916381,1576023718000;-118.4208982,33.9910039,1576023723000;-118.4211977,33.9912393,1576023733000;-118.4212944,33.9910576,1576023741000;-118.4230634,33.988861,1576023749000;
-118.4164221,34.0568676,1576017737000;-118.4173049,34.0562545,1576017743000;-118.4174663,34.0561427,1576017745000;-118.4182698,34.0555848,1576017754000;-118.4186805,34.0560556,1576017764000;-118.418893,34.0562992,1576017767000;-118.4190741,34.0565069,1576017769000;-118.4194225,34.0569157,1576017775000;-118.4195721,34.0570918,1576017777000;-118.4201196,34.0577321,1576017783000;-118.4203488,34.0579997,1576017786000;-118.4207212,34.0584364,1576017790000;-118.4207764,34.0585005,1576017791000;-118.4213808,34.0591709,1576017798000;-118.4216764,34.0591802,1576017801000;-118.4224567,34.0586449,1576017807000;-118.4231855,34.0581918,1576017812000;-118.4233831,34.0580577,1576017814000;-118.4237579,34.0578032,1576017817000;-118.4239136,34.0576976,1576017818000;-118.4241537,34.0575351,1576017820000;-118.4245231,34.0572757,1576017824000;-118.426547,34.0558788,1576017840000;-118.4269648,34.0555727,1576017843000;-118.4272491,34.0553866,1576017848000;-118.4290603,34.0541668,1576017861000;-118.4294363,34.0539069,1576017864000;-118.4297417,34.0536967,1576017869000;-118.4310106,34.0528325,1576017878000;-118.4315312,34.0525227,1576017882000;-118.4321995,34.0520662,1576017889000;-118.432949,34.0515538,1576017895000;-118.4339719,34.0508367,1576017905000;-118.4341807,34.0507097,1576017907000;-118.4343735,34.0505923,1576017908000;-118.4358315,34.0501058,1576017918000;-118.4360079,34.0500607,1576017919000;-118.436333,34.0499753,1576017921000;-118.4364848,34.0499325,1576017922000;-118.4367622,34.0498554,1576017923000;-118.4369618,34.049799,1576017925000;-118.4374982,34.0496514,1576017930000;-118.43765140000001,34.0496106,1576017931000;-118.4394351,34.0491131,1576017942000;-118.4393812,34.0491284,1576017942000;-118.4395733,34.0490741,1576017943000;-118.4396913,34.0490414,1576017944000;-118.4399083,34.0489852,1576017945000;-118.4401517,34.0489162,1576017947000;-118.4403834,34.0488478,1576017950000;-118.440542,34.0488011,1576017951000;-118.4406515,34.0487684,1576017952000;-118.4426817,34.0481925,1576017965000;-118.4429947,34.0481049,1576017967000;-118.4433566,34.0480104,1576017969000;-118.4434943,34.0479698,1576017970000;-118.4443669,34.0477253,1576017975000;-118.4450046,34.0475237,1576017981000;-118.4456669,34.0473371,1576017985000;-118.4455982,34.0473576,1576017985000;-118.4458432,34.0472849,1576017986000;-118.4461331,34.0471261,1576017989000;-118.4461993,34.0471932,1576017997000;-118.4470629,34.0480376,1576018002000;-118.4472882,34.048232,1576018005000;-118.4475174,34.0484749,1576018007000;-118.4481053,34.0489278,1576018010000;-118.4492268,34.0515572,1576018021000;-118.4496709,34.0528346,1576018026000;-118.451575,34.0552828,1576018037000;-118.4544002,34.058737,1576018053000;-118.4548224,34.0592693,1576018055000;-118.4553283,34.0599156,1576018058000;-118.4636003,34.0694578,1576018103000;-118.4673381,34.0739448,1576018124000;-118.4687592,34.0757793,1576018132000;-118.4724584,34.0800136,1576018152000;-118.4730421,34.0807387,1576018156000;-118.4756143,34.0913581,1576018197000;-118.4758985,34.0930409,1576018204000;-118.4760716,34.0941162,1576018208000;-118.476209,34.0949012,1576018211000;-118.4763195,34.0953317,1576018213000;-118.4766669,34.0961732,1576018216000;-118.477135,34.0969635,1576018220000;-118.4773487,34.0973205,1576018221000;-118.4778775,34.0987829,1576018227000;-118.4777226,34.1007113,1576018234000;-118.4807213,34.1093306,1576018270000;-118.4814212,34.110306,1576018275000;-118.4817507,34.1109939,1576018277000;-118.4818655,34.1146759,1576018292000;-118.479355,34.1214411,1576018319000;-118.4786822,34.1219302,1576018323000;-118.4778252,34.1228987,1576018328000;-118.4769037,34.1239876,1576018334000;-118.4764604,34.1240241,1576018336000;-118.4762706,34.1242554,1576018340000;-118.4746275,34.1259635,1576018355000;-118.474536,34.1260456,1576018356000;-118.4739653,34.1266128,1576018360000;-118.4731283,34.1273158,1576018366000;-118.4722877,34.1285291,1576018376000;-118.4719589,34.1289951,1576018379000;-118.4703933,34.1301406,1576018396000;-118.469687,34.1300825,1576018401000;-118.4692812,34.129936,1576018405000;-118.4689538,34.1297507,1576018407000;-118.4688095,34.1296866,1576018408000;-118.4687538,34.1296653,1576018409000;-118.4686348,34.1296257,1576018410000;-118.4681842,34.1295139,1576018413000;-118.4678352,34.1293706,1576018418000;-118.4667726,34.1296659,1576018427000;-118.4654691,34.1302364,1576018437000;-118.4650664,34.1301882,1576018440000;-118.463858,34.1303271,1576018450000;-118.4632215,34.1311111,1576018458000;-118.4626635,34.1311601,1576018462000;-118.4638287,34.1315911,1576018480000;
-118.4001338,34.0330795,1575901367000;-118.400692,34.0313672,1575901378000;-118.4002783,34.0313916,1575901382000;-118.4000696,34.0313875,1575901384000;-118.3998587,34.0313834,1575901385000;-118.3992334,34.0313791,1575901391000;-118.3987419,34.0313757,1575901394000;-118.397871,34.0313603,1575901400000;-118.3970041,34.0313489,1575901406000;-118.3959366,34.0313334,1575901413000;-118.3954339,34.0313268,1575901418000;-118.3946563,34.0313161,1575901424000;-118.3941227,34.0313052,1575901427000;-118.3933856,34.0313036,1575901432000;-118.3920886,34.0312863,1575901441000;-118.3918926,34.0312837,1575901442000;-118.3914403,34.0312778,1575901445000;-118.3913938,34.0312772,1575901445000;-118.390933,34.0312093,1575901448000;-118.3904332,34.0309089,1575901455000;-118.3904089,34.0308943,1575901455000;-118.3901061,34.030692,1575901458000;-118.3897234,34.0304254,1575901461000;-118.3907715,34.0302166,1575901477000;-118.3908339,34.03044,1575901481000;-118.3901445,34.0310688,1575901488000;-118.3890959,34.031815,1575901497000;-118.3859317,34.0337112,1575901508000;-118.3855431,34.033944,1575901510000;-118.3809514,34.0364865,1575901525000;-118.3805551,34.0366066,1575901526000;-118.3777293,34.0368718,1575901534000;-118.3773383,34.0368287,1575901535000;-118.375334,34.0364086,1575901541000;-118.3731498,34.0359467,1575901547000;-118.3720266,34.0356984,1575901550000;-118.3698017,34.0352377,1575901557000;-118.368031,34.0348548,1575901562000;-118.3643675,34.0340586,1575901572000;-118.3624982,34.0338095,1575901578000;-118.362009,34.0337647,1575901579000;-118.3583519,34.0338197,1575901589000;-118.3559244,34.0339317,1575901596000;-118.3555094,34.0339457,1575901597000;-118.3504947,34.0341804,1575901611000;-118.349824,34.0342037,1575901613000;-118.3454453,34.0344087,1575901625000;-118.344978,34.03443,1575901626000;-118.3435465,34.0345019,1575901630000;-118.3387281,34.0347299,1575901643000;-118.3289481,34.0351689,1575901671000;-118.322127,34.0359498,1575901690000;-118.3173682,34.0366187,1575901703000;-118.3080611,34.0370256,1575901729000;-118.3053875,34.0370048,1575901736000;-118.3005939,34.0369668,1575901750000;-118.2999857,34.0369595,1575901751000;-118.2965747,34.0369148,1575901761000;-118.2961555,34.0369102,1575901762000;-118.2925118,34.0368525,1575901772000;-118.29188,34.0368417,1575901774000;-118.291253,34.0368344,1575901775000;-118.287529,34.0367935,1575901786000;-118.2843713,34.0368541,1575901795000;-118.2831647,34.0369174,1575901798000;-118.2796246,34.0376739,1575901808000;-118.2767492,34.0374125,1575901816000;-118.2753665,34.0365161,1575901821000;-118.2747337,34.0352656,1575901826000;-118.274775,34.0349564,1575901827000;-118.2748544,34.0342972,1575901829000;-118.2746045,34.0311617,1575901840000;-118.2776839,34.0222442,1575901883000;-118.2782294,34.0213013,1575901887000;-118.2783765,34.0210707,1575901888000;-118.2799888,34.0186018,1575901898000;-118.2802368,34.0181757,1575901899000;-118.2805692,34.01747,1575901902000;-118.281243,34.0146495,1575901912000;-118.281268,34.0140773,1575901914000;-118.2812725,34.0137527,1575901915000;-118.2812878,34.0112328,1575901923000;-118.2812863,34.0108231,1575901924000;-118.2812851,34.0109392,1575901924000;-118.281252,34.0076416,1575901935000;-118.281257,34.0069908,1575901937000;-118.2814488,34.0047923,1575901955000;-118.2815329,34.004243,1575901959000;-118.281543,34.0041093,1575901961000;-118.281569,34.0037722,1575901963000;-118.281457,34.0037725,1575901969000;-118.280761,34.0037793,1575901973000;-118.2805471,34.0037822,1575901975000;-118.2800087,34.0037931,1575901980000;-118.2793186,34.0037963,1575901985000;-118.2791427,34.0037971,1575901986000;-118.2789814,34.0037979,1575901987000;-118.278919,34.0037981,1575901988000;-118.2785989,34.0037994,1575901990000;-118.2783609,34.0038003,1575901991000;-118.2783605,34.0034742,1575902001000;-118.2783603,34.0032985,1575902003000;-118.2783601,34.0031374,1575902004000;-118.2783598,34.002875,1575902006000;-118.2783576,34.0025139,1575902009000;-118.2783566,34.0023528,1575902010000;-118.2783544,34.0019878,1575902013000;-118.2783541,34.001587,1575902019000;-118.278354,34.001425,1575902020000;-118.2783538,34.0010405,1575902023000;-118.2783527,34.0006949,1575902028000;-118.2783525,34.0006197,1575902028000;-118.278352,34.0004658,1575902030000;-118.2783508,34.0001005,1575902033000;-118.2780599,34.0000494,1575902039000;-118.2778456,34.0000509,1575902042000;-118.2777039,34.0000519,1575902044000;-118.2745978,34.000074,1575902060000;
-118.1837248,34.0204261,1575964787000;-118.1837262,34.0206499,1575964789000;-118.1837332,34.021785,1575964802000;-118.1837345,34.0220029,1575964804000;-118.1837358,34.0221988,1575964806000;-118.1837382,34.022552,1575964810000;-118.1837432,34.023294,1575964819000;-118.1837442,34.0234422,1575964821000;-118.1837448,34.023542,1575964822000;-118.1837473,34.0239322,1575964826000;-118.1842264,34.0239287,1575964832000;-118.1844792,34.0239269,1575964833000;-118.1848157,34.0239244,1575964836000;-118.1849884,34.0239232,1575964837000;-118.1857634,34.0239214,1575964842000;-118.186228,34.0239204,1575964845000;-118.1867158,34.0239178,1575964849000;-118.1870868,34.0239159,1575964851000;-118.1874081,34.0239142,1575964854000;-118.1878845,34.0239143,1575964857000;-118.1883135,34.0239144,1575964860000;-118.188819,34.0239136,1575964864000;-118.1889796,34.0239133,1575964865000;-118.1892752,34.0239128,1575964867000;-118.1897829,34.0239087,1575964872000;-118.1902498,34.023905,1575964875000;-118.1906578,34.0239048,1575964878000;-118.1908459,34.0239059,1575964880000;-118.1911682,34.0239108,1575964882000;-118.1914689,34.0239069,1575964886000;-118.191827,34.0239074,1575964888000;-118.1919361,34.0239059,1575964889000;-118.1922853,34.0239694,1575964891000;-118.1926629,34.0241248,1575964896000;-118.1931562,34.0243277,1575964900000;-118.1934228,34.0239149,1575964905000;-118.1936831,34.023512,1575964909000;-118.1939207,34.0231431,1575964912000;-118.1941854,34.0227321,1575964916000;-118.1944441,34.0223341,1575964920000;-118.1947034,34.021959,1575964923000;-118.1950967,34.0213634,1575964929000;-118.1960858,34.0214131,1575964936000;-118.1980445,34.022266,1575964942000;-118.1983375,34.0223918,1575964943000;-118.2029088,34.0243926,1575964957000;-118.2032484,34.0245397,1575964958000;-118.204072,34.0248963,1575964961000;-118.205038,34.0252858,1575964964000;-118.2094015,34.0269144,1575964977000;-118.2098736,34.0271136,1575964979000;-118.2130665,34.0285505,1575964989000;-118.2134785,34.0287283,1575964990000;-118.2154011,34.0296033,1575964996000;-118.2163452,34.03003,1575965000000;-118.2176842,34.0307627,1575965006000;-118.2180018,34.0309619,1575965008000;-118.2197371,34.0323891,1575965017000;-118.22144,34.0384834,1575965046000;-118.2214375,34.0404014,1575965055000;-118.221071,34.0452973,1575965077000;-118.2213395,34.047139,1575965083000;-118.2214494,34.0475306,1575965085000;-118.2222127,34.0492994,1575965091000;-118.2224416,34.0497871,1575965093000;-118.222606,34.0501374,1575965094000;-118.2238708,34.0520054,1575965101000;-118.2241541,34.0521902,1575965102000;-118.224394,34.0523276,1575965103000;-118.2250999,34.0525764,1575965105000;-118.2261336,34.0527379,1575965108000;-118.2282639,34.0530881,1575965114000;-118.2288741,34.0531797,1575965116000;-118.2300062,34.0533221,1575965119000;-118.2315558,34.0535473,1575965123000;-118.2331214,34.0537524,1575965128000;-118.2336771,34.0538157,1575965129000;-118.2406597,34.0559617,1575965151000;-118.2413843,34.0564032,1575965153000;-118.244475,34.0584076,1575965164000;-118.2442803,34.0582743,1575965164000;-118.2469508,34.0606347,1575965174000;-118.2475602,34.0613448,1575965177000;-118.2482308,34.0621342,1575965181000;-118.2493384,34.0634114,1575965186000;-118.2502086,34.0641443,1575965189000;-118.2503768,34.0642644,1575965190000;-118.2528575,34.0660786,1575965199000;-118.2577487,34.0685563,1575965215000;-118.2590803,34.069167,1575965225000;-118.2593002,34.0693174,1575965227000;-118.2593903,34.0694165,1575965228000;-118.2596163,34.0698293,1575965232000;-118.2602394,34.0701057,1575965238000;-118.2602556,34.0701129,1575965239000;-118.2604118,34.0701822,1575965240000;-118.2614443,34.0705976,1575965247000;-118.261322,34.0699429,1575965259000;-118.2611868,34.0693968,1575965264000;-118.2611178,34.0691206,1575965266000;-118.2616993,34.0692071,1575965277000;-118.2624731,34.0693637,1575965278000;
-118.3212881,34.1056124,1576988008000;-118.3216926,34.105252,1576988015000;-118.3218096,34.1052507,1576988020000;-118.3218638,34.1052501,1576988021000;-118.3224083,34.1052478,1576988024000;-118.3224122,34.1050354,1576988030000;-118.3224183,34.1047388,1576988032000;-118.3224958,34.1045196,1576988034000;-118.3225057,34.1039902,1576988039000;-118.3225031,34.1037665,1576988040000;-118.3225103,34.1030018,1576988047000;-118.3225103,34.1028363,1576988048000;-118.3223851,34.1025124,1576988051000;-118.3223816,34.1023387,1576988052000;-118.3223749,34.1020125,1576988055000;-118.3223693,34.1016518,1576988058000;-118.3223625,34.1013405,1576988062000;-118.3223632,34.1012253,1576988063000;-118.3223538,34.1004581,1576988069000;-118.3223433,34.1002213,1576988071000;-118.3223357,34.1000505,1576988072000;-118.3223304,34.0998105,1576988074000;-118.3223229,34.099668,1576988076000;-118.3223181,34.0989284,1576988081000;-118.3223186,34.0983304,1576988086000;-118.3223201,34.0980252,1576988089000;-118.3223394,34.097696,1576988093000;-118.3223388,34.0975841,1576988094000;-118.3223385,34.0975317,1576988095000;-118.3223317,34.0962163,1576988105000;-118.3223268,34.0952838,1576988113000;-118.3223195,34.0949916,1576988115000;-118.32232020000001,34.0948288,1576988116000;-118.32231,34.0943904,1576988120000;-118.3223082,34.0939964,1576988125000;-118.3223111,34.0934656,1576988129000;-118.3223126,34.0925729,1576988137000;-118.3223079,34.0917891,1576988143000;-118.3223068,34.0916158,1576988144000;-118.32230559999999,34.0914242,1576988146000;-118.3223041,34.0911086,1576988148000;-118.3223038,34.0909971,1576988149000;-118.3223031,34.0907507,1576988151000;-118.3223022,34.0905791,1576988155000;-118.3223007,34.0903008,1576988157000;-118.3222984,34.0898516,1576988160000;-118.322296,34.0893955,1576988164000;-118.3222958,34.0889519,1576988168000;-118.3222913,34.0884866,1576988171000;-118.3222888,34.0880106,1576988175000;-118.3222865,34.0875702,1576988179000;-118.3222829,34.0872955,1576988181000;-118.3222842,34.0871265,1576988182000;-118.3222818,34.0866603,1576988186000;-118.3222813,34.0865662,1576988187000;-118.3222794,34.0862126,1576988190000;-118.3222771,34.0857677,1576988193000;-118.3222764,34.0856342,1576988194000;-118.322274,34.0853098,1576988197000;-118.3222731,34.0850073,1576988201000;-118.3222724,34.0848499,1576988203000;-118.32227,34.0843999,1576988206000;-118.3222687,34.0841629,1576988208000;-118.3222677,34.0839664,1576988210000;-118.3222652,34.0834971,1576988214000;-118.3227065,34.0834928,1576988224000;-118.3236352,34.0834943,1576988230000;-118.323721,34.0834947,1576988231000;-118.3236717,34.0831358,1576988236000;-118.3236737,34.0829177,1576988238000;-118.3236776,34.0824882,1576988241000;-118.3236657,34.0819759,1576988246000;-118.3236684,34.0816841,1576988248000;-118.3236661,34.081413,1576988250000;-118.3236642,34.0812051,1576988252000;-118.3236502,34.0795124,1576988265000;-118.3236486,34.0793163,1576988267000;-118.3236455,34.0789403,1576988270000;-118.3236481,34.0785671,1576988275000;-118.3236509,34.0781609,1576988278000;-118.3236527,34.0779192,1576988288000;
-118.4110543,34.0623602,1576612854000;-118.4100106,34.0630703,1576612862000;-118.4100129,34.0637321,1576612871000;-118.4100205,34.064355,1576612879000;-118.4100054,34.0650092,1576612888000;-118.4100036,34.0653694,1576612893000;-118.4100035,34.0655067,1576612894000;-118.4100033,34.0655661,1576612895000;-118.4100017,34.0658671,1576612899000;-118.4100007,34.0660522,1576612902000;-118.4099995,34.0662954,1576612905000;-118.4099972,34.0667273,1576612911000;-118.4095018,34.0670884,1576612917000;-118.4102954,34.0671358,1576612930000;-118.4105764,34.0671361,1576612933000;-118.4115994,34.067143,1576612939000;-118.4122814,34.0670886,1576612943000;-118.4124088,34.0670908,1576612944000;-118.4123507,34.0670896,1576612944000;-118.4130567,34.0670919,1576612948000;-118.4136123,34.0670926,1576612951000;-118.4138567,34.0670939,1576612953000;-118.4146177,34.0670913,1576612957000;-118.4154467,34.0670905,1576612964000;-118.4221364,34.0677638,1576613003000;-118.4227137,34.0678417,1576613009000;-118.4229185,34.0678671,1576613010000;-118.4254143,34.0679788,1576613025000;-118.4261764,34.0678778,1576613031000;-118.4273297,34.0675859,1576613038000;-118.4281323,34.0672152,1576613044000;-118.4288575,34.0668891,1576613049000;-118.429677,34.0665553,1576613056000;-118.4300597,34.0663211,1576613059000;-118.4304977,34.0659559,1576613063000;-118.4306891,34.0657707,1576613064000;-118.4311437,34.065331,1576613069000;-118.431479,34.0650064,1576613072000;-118.4316198,34.0648703,1576613073000;-118.4317732,34.0647219,1576613074000;-118.4319737,34.0645164,1576613076000;-118.4321741,34.06429,1576613078000;-118.4324723,34.06366,1576613085000;-118.4324439,34.0637366,1576613085000;-118.4325775,34.063376,1576613087000;-118.4326295,34.0632356,1576613088000;-118.4327614,34.0628795,1576613091000;-118.4329011,34.0625338,1576613094000;-118.4333048,34.0618229,1576613099000;-118.4332731,34.0618539,1576613099000;-118.4337193,34.0615421,1576613103000;-118.4341684,34.0613028,1576613108000;-118.4342834,34.0612494,1576613109000;-118.4344542,34.0611847,1576613110000;-118.4349349,34.0610319,1576613113000;-118.4357427,34.0608652,1576613118000;-118.4372411,34.0605222,1576613127000;-118.4374969,34.0604636,1576613128000;-118.4379824,34.0603528,1576613131000;-118.4384964,34.0602161,1576613137000;-118.4387616,34.0601515,1576613138000;-118.4388731,34.0601199,1576613139000;-118.4389856,34.0600906,1576613140000;-118.4392426,34.0600255,1576613141000;-118.4397486,34.0598974,1576613144000;-118.4400812,34.0598092,1576613147000;-118.4404217,34.0597195,1576613149000;-118.4406989,34.0596469,1576613150000;-118.4405566,34.059684,1576613150000;-118.4408288,34.0596126,1576613151000;-118.4412475,34.0595028,1576613154000;-118.4416476,34.0593981,1576613156000;-118.4418051,34.0593567,1576613157000;-118.4416928,34.0593863,1576613157000;-118.4420288,34.0592982,1576613159000;-118.4426546,34.059134,1576613163000;-118.4432676,34.0589679,1576613169000;-118.4438699,34.0588043,1576613172000;-118.444004,34.0587693,1576613175000;-118.4449818,34.0584982,1576613183000;-118.4454897,34.0583687,1576613186000;-118.4467031,34.0580423,1576613196000;-118.447047,34.0579532,1576613198000;-118.4471394,34.0579274,1576613199000;-118.4477446,34.0577602,1576613203000;-118.4489076,34.0574446,1576613212000;-118.4498328,34.057137,1576613218000;-118.4517203,34.0565955,1576613226000;-118.452339,34.056654,1576613229000;-118.4528671,34.057259,1576613233000;-118.453484,34.0578908,1576613237000;-118.45399570000001,34.0585216,1576613242000;-118.4548224,34.0592693,1576613247000;-118.4553283,34.0599156,1576613250000;-118.4636003,34.0694578,1576613295000;-118.4673381,34.0739448,1576613316000;-118.4687592,34.0757793,1576613324000;-118.4724584,34.0800136,1576613344000;-118.4730421,34.0807387,1576613347000;-118.4756143,34.0913581,1576613389000;-118.4758985,34.0930409,1576613396000;-118.4760716,34.0941162,1576613400000;-118.476209,34.0949012,1576613403000;-118.4763195,34.0953317,1576613404000;-118.4766669,34.0961732,1576613408000;-118.477135,34.0969635,1576613411000;-118.4773487,34.0973205,1576613413000;-118.4778775,34.0987829,1576613419000;-118.4777226,34.1007113,1576613426000;-118.4807213,34.1093306,1576613462000;-118.4814212,34.110306,1576613466000;-118.4817507,34.1109939,1576613469000;-118.4818655,34.1146759,1576613483000;-118.479355,34.1214411,1576613511000;-118.4748794,34.1270076,1576613537000;-118.474178,34.128203,1576613542000;-118.4713028,34.1368821,1576613576000;-118.4712517,34.1413072,1576613593000;-118.4688492,34.149383,1576613625000;-118.4686647,34.1497408,1576613627000;-118.4684419,34.1502199,1576613629000;-118.4679662,34.151059,1576613633000;-118.4677258,34.1518459,1576613637000;-118.4676418,34.1524015,1576613640000;-118.4676388,34.1533868,1576613644000;-118.4686111,34.1567711,1576613661000;-118.4684032,34.1581294,1576613668000;-118.4691697,34.1606734,1576613682000;-118.469989,34.1612134,1576613686000;-118.4706308,34.1617638,1576613690000;-118.4711466,34.1623163,1576613693000;-118.4733046,34.1644885,1576613707000;-118.4736636,34.1646917,1576613708000;-118.4740328,34.1649345,1576613710000;-118.4762189,34.1654458,1576613717000;-118.4890027,34.165301,1576613758000;-118.4921912,34.1654805,1576613768000;-118.4925594,34.1655769,1576613769000;-118.4970971,34.1681557,1576613787000;-118.499561,34.1700648,1576613799000;-118.5003405,34.1705474,1576613803000;-118.5006884,34.1707324,1576613805000;-118.5011152,34.1709278,1576613807000;-118.5010426,34.1711473,1576613815000;-118.5010402,34.1713843,1576613816000;-118.5010375,34.1722361,1576613822000;-118.5010571,34.1733497,1576613831000;-118.5011006,34.1740127,1576613835000;-118.5011017,34.1746864,1576613840000;-118.5011029,34.1756758,1576613846000;-118.5011047,34.1763325,1576613850000;-118.5011063,34.1778449,1576613859000;-118.5011065,34.1784657,1576613863000;-118.5011097,34.1794489,1576613869000;-118.5011108,34.1802238,1576613874000;-118.5011001,34.1817667,1576613884000;-118.5010865,34.1841515,1576613899000;-118.5010806,34.1848003,1576613903000;-118.5010604,34.1852317,1576613906000;-118.5010585,34.1859288,1576613910000;-118.5010592,34.1862186,1576613914000;-118.5011273,34.1866409,1576613917000;-118.5011236,34.1868959,1576613920000;-118.5011226,34.1875498,1576613925000;-118.5011267,34.1876596,1576613926000;-118.5011271,34.1884985,1576613932000;-118.5011302,34.1893299,1576613938000;-118.5011312,34.1898346,1576613944000;-118.5011345,34.1902906,1576613947000;-118.5011389,34.1905986,1576613949000;-118.501139,34.191473,1576613955000;-118.5011375,34.1913992,1576613955000;-118.5011387,34.1920062,1576613959000;-118.5011415,34.19301,1576613966000;-118.5011369,34.1931933,1576613968000;-118.5011362,34.1933561,1576613969000;-118.5011288,34.1939054,1576613973000;-118.5011323,34.1942549,1576613977000;-118.5011295,34.1943134,1576613978000;-118.5011352,34.1945,1576613979000;-118.5011333,34.1947946,1576613981000;-118.5011355,34.1948744,1576613982000;-118.5011324,34.1958925,1576613989000;-118.5011341,34.1964358,1576613993000;-118.5011276,34.1971929,1576613998000;-118.5011349,34.1975284,1576614000000;-118.5013639,34.1975264,1576614007000;-118.5013611,34.1978616,1576614016000;-118.5033274,34.1978627,1576614022000;
-118.3504261,34.1774725,1576338056000;-118.3503633,34.1811106,1576338090000;-118.3498015,34.1811032,1576338102000;-118.349194,34.1810953,1576338109000;-118.3491891,34.1813465,1576338115000;-118.3491318,34.1842807,1576338139000;-118.3491314,34.184313,1576338139000;-118.3491261,34.1847288,1576338142000;-118.3491172,34.1851826,1576338148000;-118.349117,34.1851949,1576338148000;-118.3491147,34.1853139,1576338149000;-118.3491137,34.1853657,1576338150000;-118.3491127,34.1854179,1576338150000;-118.349108,34.1856554,1576338152000;-118.3490951,34.1863176,1576338158000;-118.3490828,34.1869436,1576338163000;-118.3490699,34.1876041,1576338168000;-118.3490693,34.1876342,1576338168000;-118.3490679,34.1877072,1576338169000;-118.3490608,34.1880717,1576338172000;-118.3490548,34.1883806,1576338174000;-118.3490434,34.1889017,1576338179000;-118.3490426,34.1889389,1576338179000;-118.3490288,34.1895652,1576338184000;-118.3490261,34.1896895,1576338185000;-118.3490147,34.1902098,1576338186000;
-118.4216727,34.0345356,1577834896000;-118.4224749,34.0341077,1577834897000;-118.4228596,34.0338761,1577834901000;-118.423171,34.0334193,1577834907000;-118.4234245,34.033745,1577834919000;-118.4242525,34.0347766,1577834928000;-118.4244738,34.0350671,1577834930000;-118.4250741,34.0358206,1577834937000;-118.4252309,34.0360186,1577834938000;-118.4253577,34.0361814,1577834940000;-118.4255073,34.0363665,1577834941000;-118.4255756,34.0364508,1577834942000;-118.4258733,34.0368231,1577834945000;-118.4261267,34.0371547,1577834950000;-118.4263687,34.0374702,1577834955000;-118.4266549,34.0378294,1577834958000;-118.4268566,34.0381013,1577834960000;-118.4271688,34.0385117,1577834964000;-118.4274229,34.0388236,1577834966000;-118.4275635,34.0390059,1577834968000;-118.4276796,34.039138,1577834969000;-118.4278298,34.0393172,1577834971000;-118.4280224,34.0395465,1577834975000;-118.4281882,34.0397512,1577834976000;-118.4281307,34.0396846,1577834976000;-118.4282681,34.0398437,1577834977000;-118.4284987,34.0401109,1577834980000;-118.4280024,34.0403476,1577834991000;-118.4278311,34.0404332,1577834992000;-118.4277975,34.0404499,1577834993000;-118.4275274,34.0405849,1577834994000;-118.4278537,34.0409695,1577835003000;-118.4295615,34.0429488,1577835008000;
-118.6044316,34.2064842,1576127069000;-118.6044325,34.2078249,1576127076000;-118.6044324,34.2082977,1576127084000;-118.6040805,34.2083016,1576127091000;-118.6033162,34.2083016,1576127096000;-118.6028969,34.2083006,1576127099000;-118.6024473,34.2082987,1576127102000;-118.6022527,34.2082993,1576127103000;-118.6016006,34.2083014,1576127108000;-118.6009534,34.2083032,1576127114000;-118.6004232,34.2083048,1576127117000;-118.6003202,34.2083052,1576127118000;-118.5999358,34.2083063,1576127121000;-118.5990497,34.208309,1576127127000;-118.5987743,34.2083098,1576127128000;-118.5985655,34.2083104,1576127130000;-118.598268,34.2083105,1576127132000;-118.5981103,34.2083106,1576127133000;-118.59751,34.2083119,1576127137000;-118.5971571,34.2083131,1576127141000;-118.5970351,34.2083127,1576127144000;-118.5966755,34.2083126,1576127146000;-118.5962633,34.2083088,1576127149000;-118.5961027,34.2083087,1576127150000;-118.5959611,34.2083085,1576127151000;-118.5955012,34.208308,1576127154000;-118.5949969,34.2083098,1576127157000;-118.5948045,34.2083109,1576127159000;-118.5943107,34.2083144,1576127162000;-118.593939,34.208314,1576127164000;-118.5936005,34.2083146,1576127167000;-118.5933276,34.2083146,1576127168000;-118.5928691,34.2083166,1576127171000;-118.5923419,34.2083167,1576127177000;-118.5910129,34.2083174,1576127186000;-118.5906459,34.2083168,1576127188000;-118.5902803,34.2083174,1576127191000;-118.589385,34.2083162,1576127197000;-118.5891035,34.2083167,1576127199000;-118.5884954,34.2083178,1576127203000;-118.5884954,34.2091581,1576127211000;-118.5885029,34.2113089,1576127229000;-118.5885046,34.2119505,1576127234000;-118.588506,34.2126003,1576127241000;-118.588518,34.2149505,1576127260000;-118.5885164,34.215579,1576127265000;-118.5885174,34.216205,1576127270000;-118.588515,34.21807,1576127285000;-118.5885187,34.2182641,1576127286000;-118.5885183,34.2183274,1576127287000;-118.5885189,34.2184758,1576127288000;-118.5885195,34.2186111,1576127289000;-118.5885207,34.2188605,1576127291000;-118.5885212,34.2189567,1576127292000;-118.5885212,34.2192418,1576127294000;-118.5885197,34.2191413,1576127294000;-118.5887862,34.2192369,1576127300000;-118.5891391,34.2197216,1576127311000;
-118.4055496,33.9450549,1576050395000;-118.4083019,33.9443893,1576050412000;-118.4081161,33.9431996,1576050421000;-118.4052039,33.9426638,1576050445000;-118.4018687,33.9430231,1576050468000;-118.4010276,33.9431086,1576050473000;-118.3984962,33.9433691,1576050490000;-118.3976866,33.9434388,1576050496000;-118.3965642,33.9425108,1576050508000;-118.3962361,33.9405755,1576050523000;-118.3962288,33.9403032,1576050525000;-118.3962316,33.9345632,1576050548000;-118.39622370000001,33.9338215,1576050552000;-118.397127,33.9326402,1576050558000;-118.4001563,33.9316202,1576050569000;-118.4020038,33.931482,1576050575000;-118.4026097,33.9314751,1576050578000;-118.4039817,33.9314783,1576050583000;-118.4039698,33.9313443,1576050590000;-118.401877,33.9308612,1576050627000;-118.4009116,33.9308672,1576050636000;-118.4005205,33.9308696,1576050639000;-118.399694,33.9308747,1576050644000;-118.3989973,33.9308797,1576050649000;-118.3982431,33.9308795,1576050654000;-118.39743,33.9308713,1576050665000;-118.3972545,33.9308643,1576050667000;-118.3972389,33.9306225,1576050671000;-118.3972361,33.9302034,1576050672000;
-118.5007198,34.2584399,1576272375000;-118.5001512,34.2580108,1576272375000;-118.5014067,34.258439,1576272384000;-118.5023478,34.2584445,1576272398000;-118.5023476,34.2581991,1576272401000;-118.5023461,34.258058,1576272402000;-118.5023474,34.2579292,1576272403000;-118.5023471,34.2575215,1576272406000;-118.5023559,34.2568897,1576272413000;-118.5023585,34.2567172,1576272414000;-118.5023584,34.2567497,1576272414000;-118.5023595,34.2566137,1576272415000;-118.5023658,34.2561551,1576272418000;-118.5023658,34.2561942,1576272418000;-118.5023709,34.2558168,1576272421000;-118.502373,34.255502,1576272423000;-118.5023741,34.2551892,1576272425000;-118.5023737,34.2552181,1576272425000;-118.502378,34.2550141,1576272426000;-118.5023817,34.2543365,1576272431000;-118.5023862,34.2540909,1576272433000;-118.5023886,34.2538919,1576272434000;-118.5023936,34.2533597,1576272440000;-118.5024036,34.2519343,1576272450000;-118.5024071,34.2515912,1576272453000;-118.5024092,34.2512051,1576272456000;-118.5024124,34.2510114,1576272457000;-118.5024143,34.2508289,1576272458000;-118.5024139,34.2506792,1576272459000;-118.5024132,34.2507807,1576272459000;-118.5024158,34.2505527,1576272460000;-118.502418,34.2502751,1576272462000;-118.5024233,34.2498723,1576272467000;-118.5024228,34.2498259,1576272468000;-118.5024202,34.24957,1576272469000;-118.50242,34.249641,1576272469000;-118.5024283,34.2491558,1576272472000;-118.5024316,34.2487872,1576272475000;-118.5024449,34.2470328,1576272488000;-118.5024485,34.2466472,1576272490000;-118.5010585,34.246406,1576272506000;-118.5002672,34.2462226,1576272513000;-118.5002654,34.2438657,1576272548000;
-118.2815903,34.1836439,1575504800000;-118.2852651,34.1801784,1575504833000;-118.2842942,34.1794739,1575504849000;-118.2833272,34.1787705,1575504864000;-118.2823612,34.1780672,1575504878000;-118.2827653,34.1776776,1575504888000;-118.2848037,34.175755,1575504914000;-118.2872223,34.1734272,1575504945000;-118.287664,34.1730116,1575504950000;-118.2879358,34.1727552,1575504954000;-118.2880372,34.172659,1575504955000;-118.288334,34.1723797,1575504959000;-118.288307,34.1724051,1575504959000;-118.2885491,34.1721772,1575504962000;-118.288934,34.171815,1575504967000;-118.2892079,34.171557,1575504970000;-118.2893241,34.1714476,1575504971000;-118.2896144,34.1711741,1575504975000;-118.2897534,34.1710594,1575504978000;-118.2900658,34.1707503,1575504983000;-118.2900364,34.1707782,1575504983000;-118.2901692,34.1706539,1575504984000;-118.2902507,34.1705776,1575504985000;-118.2917596,34.169165,1575504998000;-118.291868,34.1690635,1575504999000;-118.2918174,34.1691109,1575504999000;-118.2921762,34.168775,1575505002000;-118.2924584,34.1685554,1575505006000;-118.292915,34.1681995,1575505010000;-118.2945558,34.1665619,1575505025000;-118.2950801,34.1660305,1575505030000;-118.2953297,34.1657705,1575505033000;-118.2956229,34.1655912,1575505037000;-118.2969262,34.1660265,1575505043000;-118.2982366,34.1661488,1575505051000;-118.2992978,34.1667738,1575505056000;-118.299973,34.1672491,1575505059000;-118.3006859,34.1677692,1575505062000;-118.3040668,34.1702514,1575505076000;-118.3043295,34.1704412,1575505077000;-118.3062107,34.1732253,1575505089000;-118.3062812,34.1734811,1575505090000;-118.3069062,34.1754259,1575505098000;-118.307711,34.1766408,1575505103000;-118.307915,34.1768405,1575505104000;-118.3079785,34.1768953,1575505105000;-118.3095238,34.1779944,1575505111000;-118.3131757,34.1804557,1575505126000;-118.3140968,34.181408,1575505131000;-118.3146764,34.1821472,1575505134000;-118.3176712,34.1853213,1575505150000;-118.3181161,34.1856062,1575505151000;-118.3217264,34.1876548,1575505165000;-118.3218347,34.1877382,1575505166000;-118.3232938,34.1888066,1575505172000;-118.326809,34.1914997,1575505187000;-118.3273061,34.1919118,1575505189000;-118.3309201,34.1945201,1575505204000;-118.3312212,34.1947022,1575505206000;-118.3317948,34.1950387,1575505208000;-118.3369171,34.1980379,1575505228000;-118.3375954,34.1988591,1575505232000;-118.3381748,34.1996718,1575505236000;-118.3385606,34.2004722,1575505240000;-118.3383801,34.2007774,1575505242000;-118.3382769,34.200805,1575505242000;-118.3378469,34.2003711,1575505245000;-118.3378401,34.2000688,1575505248000;-118.3378347,34.1999168,1575505249000;-118.3378463,34.1996471,1575505251000;-118.3374851,34.1995382,1575505259000;-118.3373207,34.1993383,1575505261000;-118.3367683,34.1991804,1575505267000;-118.336239,34.1991673,1575505271000;-118.3356719,34.1991572,1575505276000;-118.3345895,34.1991374,1575505285000;-118.3335072,34.1991196,1575505294000;-118.3324424,34.1991041,1575505303000;-118.3313444,34.199078,1575505312000;-118.3304126,34.1990621,1575505319000;-118.3294893,34.1990464,1575505327000;-118.3286275,34.1990305,1575505333000;
-118.5019161,34.2706991,1577812930000;-118.5007499,34.2706829,1577812940000;-118.4983293,34.271268,1577812992000;-118.4983339,34.2717014,1577813001000;-118.4983306,34.2720094,1577813007000;-118.4994302,34.2720159,1577813015000;-118.5000476,34.2720219,1577813019000;-118.5006357,34.2720363,1577813023000;-118.5008484,34.2720383,1577813024000;-118.5013623,34.2720434,1577813027000;-118.5015753,34.2720474,1577813028000;-118.5016543,34.2720464,1577813029000;-118.5019276,34.2720491,1577813030000;-118.5022181,34.2720473,1577813032000;-118.5022191,34.2718359,1577813037000;-118.50222,34.2715985,1577813039000;-118.5022211,34.2714308,1577813040000;-118.5022223,34.2712041,1577813041000;-118.5022218,34.2713008,1577813041000;-118.5022239,34.2708976,1577813043000;-118.5022255,34.2705702,1577813045000;-118.5022243,34.2707011,1577813045000;-118.5022297,34.2696039,1577813052000;-118.5022339,34.268921,1577813056000;-118.5022473,34.2684265,1577813059000;-118.5022491,34.2679016,1577813062000;-118.5022611,34.2664972,1577813071000;-118.5022664,34.2660099,1577813074000;-118.5022757,34.2656378,1577813077000;-118.502277,34.2654748,1577813078000;-118.5022768,34.2653312,1577813079000;-118.5022794,34.2647767,1577813083000;-118.5022819,34.2645117,1577813087000;-118.5022854,34.2643652,1577813088000;-118.50228680000001,34.264132,1577813090000;-118.5022879,34.2639664,1577813091000;-118.5022922,34.2634878,1577813094000;-118.5022911,34.2635583,1577813094000;-118.5022967,34.2630018,1577813098000;-118.5023046,34.2623698,1577813102000;-118.5023001,34.2618829,1577813106000;-118.502298,34.2617292,1577813107000;-118.5023101,34.2615436,1577813108000;-118.5023116,34.2611516,1577813111000;-118.5023243,34.2603516,1577813119000;-118.5023288,34.2599133,1577813122000;-118.502338,34.2594209,1577813125000;-118.5023386,34.2593231,1577813126000;-118.50234,34.2591668,1577813127000;-118.5023417,34.2589119,1577813129000;-118.5023417,34.258804,1577813136000;-118.5023478,34.2584445,1577813139000;-118.5023476,34.2581991,1577813141000;-118.5023474,34.2579292,1577813142000;-118.5023461,34.258058,1577813142000;-118.5023471,34.2575215,1577813145000;-118.5023559,34.2568897,1577813152000;-118.5023585,34.2567172,1577813153000;-118.5023584,34.2567497,1577813153000;-118.5023595,34.2566137,1577813154000;-118.5023658,34.2561551,1577813157000;-118.5023658,34.2561942,1577813157000;-118.5023709,34.2558168,1577813160000;-118.502373,34.255502,1577813162000;-118.5023737,34.2552181,1577813164000;-118.5021232,34.2552178,1577813170000;-118.5019342,34.2552207,1577813173000;-118.5017665,34.2552232,1577813176000;-118.5017558,34.2561539,1577813189000;
-118.5483412,34.1723003,1575944300000;-118.5488192,34.1725497,1575944302000;-118.5491006,34.1725585,1575944305000;-118.5493462,34.1725643,1575944307000;-118.549693,34.1725747,1575944309000;-118.5500822,34.1725866,1575944311000;-118.5503028,34.1725892,1575944315000;-118.5506198,34.1725965,1575944316000;-118.5505677,34.1725956,1575944316000;-118.5507943,34.1725999,1575944317000;-118.5506767,34.1725977,1575944317000;-118.5509581,34.1726036,1575944318000;-118.5512398,34.1726104,1575944320000;-118.55122,34.17261,1575944320000;-118.5519865,34.1726262,1575944325000;-118.5523527,34.1726357,1575944327000;-118.55254,34.1726395,1575944328000;-118.5527461,34.1726454,1575944329000;-118.552934,34.1726499,1575944330000;-118.5529022,34.172649,1575944330000;-118.5534739,34.1726624,1575944333000;-118.553468,34.1731016,1575944343000;-118.553468,34.1731286,1575944344000;-118.553468,34.173195,1575944344000;-118.5534694,34.1733183,1575944347000;-118.5534801,34.1739647,1575944351000;-118.5538765,34.1739479,1575944357000;-118.5546141,34.1738848,1575944360000;-118.5570328,34.173709,1575944369000;-118.562071,34.1735385,1575944385000;-118.5623728,34.1735123,1575944386000;-118.5677822,34.1730217,1575944403000;-118.5707573,34.1723707,1575944413000;-118.5711197,34.1722525,1575944414000;-118.5743013,34.1711152,1575944425000;-118.5835135,34.1681572,1575944457000;-118.5880233,34.1681226,1575944471000;-118.5883506,34.1681571,1575944472000;-118.5931828,34.1689062,1575944488000;-118.593826,34.1689975,1575944490000;-118.5966658,34.1696629,1575944499000;-118.5965198,34.169624400000004,1575944499000;-118.596836,34.169705,1575944500000;-118.59743,34.1698511,1575944503000;-118.5974301,34.1697296,1575944510000;-118.5974319,34.1690724,1575944514000;-118.5971507,34.1690643,1575944520000;-118.5957731,34.1689536,1575944525000;-118.59399930000001,34.1688269,1575944532000;-118.5929718,34.1686735,1575944536000;-118.5894327,34.1678358,1575944537000;
-118.2159227,33.9280744,1575422830000;-118.2160689,33.9281378,1575422831000;-118.216248,33.9282155,1575422832000;-118.2164354,33.9283101,1575422834000;-118.2168412,33.9285848,1575422839000;-118.2165154,33.9293504,1575422853000;-118.2163985,33.9295955,1575422855000;-118.2163382,33.9300017,1575422860000;-118.2162741,33.9304457,1575422864000;-118.2158313,33.9304073,1575422874000;-118.215598,33.9303874,1575422875000;-118.2152469,33.9303575,1575422877000;-118.2148125,33.9303204,1575422880000;-118.2144214,33.9302871,1575422882000;-118.2142313,33.9302709,1575422883000;-118.2140989,33.9302619,1575422886000;-118.2136314,33.9302195,1575422891000;-118.2135801,33.9302148,1575422891000;-118.2134911,33.9302128,1575422892000;-118.2133616,33.9302098,1575422893000;-118.2131913,33.9302059,1575422894000;-118.2128219,33.9302254,1575422896000;-118.2125901,33.9302666,1575422897000;-118.2122813,33.9303331,1575422899000;-118.2122595,33.9303375,1575422899000;-118.2121448,33.9303601,1575422900000;-118.2120836,33.9303721,1575422900000;-118.2119023,33.9304077,1575422901000;-118.2118333,33.9304213,1575422902000;-118.211618,33.9304637,1575422903000;-118.2114647,33.9305009,1575422906000;-118.2116602,33.9311166,1575422914000;-118.2116524,33.9310919,1575422914000;-118.2117265,33.9313292,1575422916000;-118.2117185,33.9313036,1575422916000;-118.2117641,33.9314452,1575422917000;-118.2118318,33.9316541,1575422918000;-118.2118196,33.9316165,1575422918000;-118.2119112,33.9319214,1575422920000;-118.2121972,33.932885999999996,1575422927000;-118.2123161,33.9332084,1575422930000;-118.2124494,33.933631,1575422935000;-118.2127233,33.9339306,1575422937000;-118.2132691,33.9339652,1575422943000;-118.2136182,33.9340005,1575422947000;-118.2135956,33.9341594,1575422956000;-118.2135714,33.9343321,1575422959000;-118.2135476,33.9345023,1575422962000;-118.2135208,33.9346939,1575422966000;-118.2134948,33.9348802,1575422970000;-118.2133627,33.9353681,1575422972000;
-118.2214777,34.1697605,1576354175000;-118.2225298,34.1706082,1576354235000;-118.2218042,34.1715699,1576354249000;-118.2218409,34.1715829,1576354251000;-118.2219543,34.1716247,1576354253000;-118.2247727,34.1729638,1576354295000;-118.2250225,34.173026899999996,1576354298000;-118.2252867,34.173083,1576354300000;-118.2254517,34.173118,1576354302000;-118.2264026,34.1733103,1576354311000;-118.2261722,34.1741559,1576354322000;-118.2261129,34.1743716,1576354324000;-118.2261032,34.1744197,1576354326000;-118.2260177,34.1750102,1576354330000;-118.2259807,34.1752779,1576354332000;-118.225935,34.175621,1576354334000;-118.2258532,34.176205,1576354338000;-118.2256999,34.177218,1576354345000;-118.2256791,34.1773423,1576354346000;-118.2256112,34.1778389,1576354349000;-118.2255975,34.1779325,1576354350000;-118.2255579,34.1784294,1576354353000;-118.22584,34.1797775,1576354364000;-118.2258493,34.1807261,1576354371000;-118.2256871,34.1811333,1576354374000;-118.2256305,34.1815421,1576354377000;-118.2256911,34.18184,1576354379000;-118.2258145,34.1824169,1576354383000;-118.2259752,34.1830751,1576354389000;-118.2258593,34.1870497,1576354417000;-118.2257247,34.1874242,1576354420000;-118.2257369,34.1880221,1576354426000;-118.2261827,34.1885901,1576354430000;-118.2266139,34.1890731,1576354434000;-118.2271148,34.1911182,1576354449000;-118.2271282,34.1912935,1576354450000;-118.2274086,34.1918662,1576354454000;-118.227595,34.1923485,1576354458000;-118.2279422,34.1929155,1576354462000;-118.2282603,34.1935913,1576354466000;-118.2289725,34.1952217,1576354475000;-118.2291252,34.1955757,1576354477000;-118.2293319,34.1961391,1576354481000;-118.229468,34.1964794,1576354482000;-118.229508,34.1966526,1576354483000;-118.2294975,34.1965693,1576354483000;-118.2293451,34.1975346,1576354488000;-118.229164,34.1983644,1576354493000;-118.228975,34.1990876,1576354497000;-118.2285926,34.1999226,1576354502000;-118.2284678,34.2001046,1576354503000;-118.2279816,34.2008203,1576354507000;-118.2278057,34.20108,1576354511000;-118.2275414,34.2014701,1576354513000;-118.2267839,34.202585,1576354520000;-118.226245,34.203377,1576354525000;-118.2261588,34.2035036,1576354526000;-118.2260312,34.2036853,1576354527000;-118.2255411,34.2044223,1576354533000;-118.2255072,34.204473,1576354533000;-118.2252345,34.2050638,1576354537000;-118.2250573,34.2053286,1576354541000;-118.2249683,34.2055363,1576354543000;-118.2249542,34.2055753,1576354543000;-118.2249487,34.2055919,1576354543000;-118.2248665,34.2058364,1576354545000;-118.2247858,34.2061091,1576354546000;-118.2247223,34.2065371,1576354549000;-118.2247349,34.2068288,1576354553000;-118.2247335,34.2068151,1576354553000;-118.2247514,34.2069449,1576354554000;-118.2248194,34.2072116,1576354557000;-118.225239,34.207981,1576354563000;-118.2253968,34.208162,1576354565000;-118.2255469,34.208297,1576354567000;-118.2274909,34.2091512,1576354582000;-118.2279533,34.2093132,1576354585000;-118.2279556,34.2097147,1576354593000;-118.2279569,34.209942,1576354595000;-118.2279608,34.2106249,1576354600000;-118.2279629,34.210982,1576354603000;-118.2279618,34.2113475,1576354608000;-118.2279588,34.2123436,1576354616000;-118.227944,34.2125514,1576354618000;-118.2290914,34.2128972,1576354624000;-118.2329491,34.2146707,1576354640000;-118.2349431,34.2158851,1576354648000;-118.2439011,34.22082,1576354682000;-118.2474476,34.2229311,1576354699000;-118.2486766,34.2236835,1576354704000;-118.2487289,34.2241034,1576354710000;-118.2487219,34.2243081,1576354712000;-118.2488625,34.2243066,1576354716000;-118.250778,34.225372899999996,1576354744000;
-118.4862309,34.1682492,1576943986000;-118.4813143,34.1692889,1576943993000;-118.4806594,34.1694953,1576943996000;-118.4807446,34.1696563,1576943999000;-118.485651,34.1685751,1576944022000;-118.4862899,34.1684229,1576944025000;-118.4914338,34.1671154,1576944047000;-118.4912853,34.1671268,1576944047000;-118.4923612,34.1671106,1576944051000;-118.4962791,34.1684048,1576944071000;-118.4965781,34.1686303,1576944072000;-118.497233,34.1692291,1576944077000;-118.4974813,34.1695091,1576944078000;-118.4984062,34.1708732,1576944086000;-118.4987551,34.1716416,1576944092000;-118.4992294,34.1720366,1576944096000;-118.499135,34.1719824,1576944096000;-118.4995773,34.1721616,1576944098000;-118.500057,34.1722278,1576944101000;-118.500143,34.1722284,1576944102000;-118.500517,34.1722302,1576944104000;-118.5010375,34.1722361,1576944107000;-118.5010571,34.1733497,1576944121000;-118.5011006,34.1740127,1576944125000;-118.5011017,34.1746864,1576944130000;-118.5011029,34.1756758,1576944136000;-118.5011047,34.1763325,1576944140000;-118.5011063,34.1778449,1576944149000;-118.5011065,34.1784657,1576944153000;-118.5011097,34.1794489,1576944160000;-118.5011108,34.1802238,1576944164000;-118.5011001,34.1817667,1576944174000;-118.5010865,34.1841515,1576944189000;-118.5010806,34.1848003,1576944193000;-118.5010604,34.1852317,1576944196000;-118.5010585,34.1859288,1576944200000;-118.5010592,34.1862186,1576944204000;-118.5011273,34.1866409,1576944207000;-118.5021919,34.1866379,1576944214000;-118.5040859,34.1866342,1576944223000;-118.5054375,34.1866391,1576944229000;-118.5063663,34.1866303,1576944234000;-118.5073391,34.1866305,1576944238000;-118.5079156,34.186633,1576944241000;-118.5086213,34.1866299,1576944244000;-118.5088728,34.186628,1576944245000;-118.5098593,34.1866248,1576944250000;-118.5105227,34.1866279,1576944255000;-118.5112678,34.186627,1576944258000;-118.511999,34.1866261,1576944262000;-118.512775,34.1866251,1576944265000;-118.514228,34.1866242,1576944272000;-118.5151487,34.1866203,1576944276000;-118.5173102,34.1866213,1576944286000;-118.5185019,34.1866312,1576944292000;-118.5190469,34.1866339,1576944296000;-118.5191882,34.1866367,1576944297000;-118.5196939,34.1866346,1576944299000;-118.5223529,34.1866295,1576944311000;-118.5229565,34.1866299,1576944314000;-118.5235388,34.1866251,1576944317000;-118.5248904,34.1866272,1576944323000;-118.5254882,34.1866231,1576944326000;-118.5260783,34.1866145,1576944329000;-118.5266409,34.1866153,1576944331000;-118.5267424,34.1866154,1576944332000;-118.5273176,34.1866172,1576944334000;-118.5279811,34.1866182,1576944339000;-118.5281931,34.1866178,1576944340000;-118.5280129,34.1866181,1576944340000;-118.5283682,34.1866176,1576944341000;-118.5282983,34.1866184,1576944341000;-118.5284556,34.1866182,1576944342000;-118.5298201,34.1866153,1576944348000;-118.5297394,34.1866148,1576944348000;-118.5301208,34.1866139,1576944349000;-118.5300525,34.1866141,1576944349000;-118.530435,34.1866144,1576944351000;-118.5310464,34.1866142,1576944354000;-118.5316834,34.1866144,1576944356000;-118.5322896,34.1866148,1576944361000;-118.5326172,34.1866129,1576944363000;-118.533296,34.1866116,1576944366000;-118.5336916,34.1866109,1576944368000;-118.534248,34.1866088,1576944370000;-118.5344793,34.1866083,1576944371000;-118.5348473,34.1866082,1576944373000;-118.5348453,34.1860249,1576944381000;-118.5348475,34.1853166,1576944388000;-118.5348494,34.1846089,1576944395000;-118.5348452,34.1838894,1576944402000;-118.5316753,34.1838918,1576944419000;
-118.5006718,34.3097254,1577573776000;-118.5019892,34.3076146,1577573783000;-118.5022525,34.3076005,1577573786000;-118.5023467,34.3075543,1577573788000;-118.5026107,34.3075095,1577573792000;-118.5023653,34.3068847,1577573799000;-118.5014695,34.3057935,1577573807000;-118.5012723,34.3055232,1577573809000;-118.5010874,34.305142,1577573811000;-118.5009541,34.3045917,1577573814000;-118.500933,34.3042137,1577573816000;-118.5010544,34.3035539,1577573820000;-118.5012834,34.303025,1577573825000;-118.5014367,34.3027281,1577573827000;-118.502599,34.2996157,1577573845000;-118.5027088,34.29898,1577573849000;-118.5033151,34.2990121,1577573862000;-118.5053537,34.2987714,1577573881000;-118.5065719,34.2988235,1577573893000;-118.507587,34.2988155,1577573902000;-118.5085023,34.2987711,1577573911000;-118.5092385,34.2985481,1577573918000;-118.5091285,34.297377,1577573934000;-118.5094232,34.2966081,1577573944000;-118.5106071,34.2960752,1577573957000;-118.5119838,34.295712,1577573970000;-118.5123701,34.2955156,1577573975000;-118.5131103,34.294944,1577573984000;-118.5138117,34.2943479,1577573994000;-118.5141054,34.2940953,1577573998000;-118.5145828,34.2937042,1577574004000;-118.5151622,34.2926328,1577574018000;-118.5159135,34.2927833,1577574031000;-118.5171776,34.2939301,1577574049000;-118.5181537,34.2938336,1577574061000;-118.5191733,34.2940236,1577574071000;-118.5206862,34.2939524,1577574086000;-118.5211178,34.2942486,1577574096000;-118.5211967,34.2942818,1577574097000;-118.5275898,34.297351,1577574147000;
-118.3406403,34.1540526,1575480421000;-118.3441989,34.1543685,1575480429000;-118.3461918,34.1542833,1575480437000;-118.3480169,34.1539268,1575480444000;-118.3496616,34.1536417,1575480449000;-118.3525075,34.1532197,1575480458000;-118.353004,34.1531724,1575480460000;-118.3569255,34.1531049,1575480472000;-118.3573263,34.1531203,1575480474000;-118.357961,34.1531569,1575480476000;-118.3607502,34.153495,1575480486000;-118.3611207,34.1535427,1575480488000;-118.3614788,34.1535892,1575480489000;-118.3614898,34.1528235,1575480500000;-118.3608749,34.1528374,1575480506000;-118.3603905,34.1528712,1575480508000;-118.3579257,34.1529636,1575480517000;-118.3573046,34.1529338,1575480519000;-118.3569189,34.1529126,1575480521000;-118.3530022,34.1529994,1575480533000;-118.3525065,34.1530437,1575480535000;-118.348702,34.1536325,1575480547000;-118.3381186,34.1532488,1575480581000;-118.3343065,34.1523808,1575480593000;-118.3304751,34.1527272,1575480605000;-118.3300938,34.1528052,1575480607000;-118.3266945,34.1534934,1575480618000;-118.3257497,34.1536827,1575480621000;-118.3221368,34.1544125,1575480632000;-118.3171676,34.1548815,1575480648000;-118.3159348,34.1546697,1575480652000;-118.3146497,34.1544625,1575480657000;-118.3110097,34.1548436,1575480668000;-118.3108099,34.1548908,1575480669000;-118.3074801,34.1556897,1575480680000;-118.2976313,34.155709,1575480712000;-118.2869785,34.1532563,1575480747000;-118.2866392,34.1530803,1575480749000;-118.2839769,34.1521941,1575480758000;-118.2833192,34.1521598,1575480760000;-118.2830435,34.1521674,1575480761000;-118.2820307,34.1522455,1575480764000;-118.2799775,34.1526876,1575480771000;-118.2793472,34.1528369,1575480773000;-118.2792056,34.152869,1575480774000;-118.2774341,34.1532884,1575480780000;-118.2751023,34.1538436,1575480787000;-118.2714255,34.1546754,1575480799000;-118.2708791,34.1548,1575480801000;-118.2702791,34.1549234,1575480803000;-118.2679795,34.1554614,1575480811000;-118.2647264,34.1560843,1575480821000;-118.2642348,34.156132,1575480823000;-118.258116,34.1562661,1575480842000;-118.2509122,34.1562855,1575480865000;-118.2471993,34.1562971,1575480877000;-118.2449169,34.1560454,1575480885000;-118.2435112,34.1554873,1575480891000;-118.2430356,34.155279,1575480893000;-118.2426268,34.1551417,1575480895000;-118.2425374,34.1552544,1575480899000;-118.2422997,34.1555192,1575480901000;-118.2422588,34.1555758,1575480902000;-118.2419589,34.1560336,1575480906000;-118.2418583,34.156178,1575480908000;-118.2415966,34.1560891,1575480916000;-118.2413093,34.156001,1575480919000;-118.24044,34.155742,1575480927000;-118.2397551,34.1573236,1575480939000;
-118.3711705,33.8988827,1577317273000;-118.371299,33.8982183,1577317287000;-118.3717267,33.8982118,1577317302000;-118.3718008,33.8982104,1577317303000;-118.3721014,33.8982117,1577317310000;-118.3721031,33.8987179,1577317321000;-118.3721142,33.8989072,1577317323000;-118.3721173,33.8990759,1577317325000;-118.3721155,33.8992421,1577317327000;-118.3721352,33.900085,1577317337000;-118.3721453,33.9006317,1577317343000;-118.3721505,33.9009109,1577317345000;-118.3721693,33.9012431,1577317347000;-118.3721704,33.9013896,1577317348000;-118.3721733,33.9017606,1577317351000;-118.3715472,33.9017534,1577317362000;-118.3712499,33.90175,1577317364000;-118.3700261,33.9017358,1577317371000;-118.3694967,33.9017503,1577317374000;-118.369226,33.9017504,1577317376000;-118.36775,33.9017375,1577317386000;-118.367071,33.9017338,1577317390000;-118.3660473,33.9017306,1577317398000;-118.3650895,33.9017377,1577317404000;-118.3648408,33.9017422,1577317405000;-118.3645863,33.9017453,1577317407000;-118.3641959,33.9017443,1577317409000;-118.3641886,33.9018733,1577317413000;-118.365074,33.9018784,1577317420000;-118.3664837,33.9018862,1577317428000;-118.3663487,33.9018855,1577317428000;-118.367076,33.9018887,1577317430000;
-118.2346563,34.1093857,1576886447000;-118.2347553,34.109186,1576886451000;-118.2348136,34.1090384,1576886454000;-118.235103,34.1091558,1576886464000;-118.2352966,34.1092344,1576886466000;-118.2353822,34.1092691,1576886467000;-118.2354862,34.1093113,1576886468000;-118.2356018,34.1093583,1576886470000;-118.235818,34.109446,1576886473000;-118.2367528,34.1098132,1576886484000;-118.2376601,34.1077641,1576886509000;-118.2379587,34.1078165,1576886516000;-118.2380709,34.1073733,1576886524000;-118.2382997,34.1064109,1576886532000;-118.2383171,34.1058007,1576886537000;-118.2381918,34.105191,1576886542000;-118.2382856,34.1048072,1576886545000;-118.2384249,34.1046595,1576886546000;-118.2382237,34.1043295,1576886551000;-118.2379111,34.1038135,1576886555000;-118.2377239,34.1035046,1576886558000;-118.2376158,34.1033278,1576886559000;-118.2374685,34.1030751,1576886563000;-118.2374013,34.1029301,1576886564000;-118.2373347,34.1027521,1576886565000;-118.2372411,34.1025019,1576886567000;-118.2371288,34.1022478,1576886569000;-118.23712,34.1022302,1576886569000;-118.2370823,34.1021786,1576886572000;-118.236975,34.1020339,1576886573000;-118.2367779,34.1017758,1576886575000;-118.2365495,34.1015009,1576886578000;-118.2364677,34.1014056,1576886578000;-118.236134,34.1010039,1576886582000;-118.2357123,34.1005021,1576886586000;-118.2355343,34.1002874,1576886588000;-118.23507910000001,34.0997528,1576886595000;-118.2349274,34.0995737,1576886596000;-118.2346184,34.0992034,1576886599000;-118.2345694,34.0991464,1576886600000;-118.2343456,34.098872,1576886602000;-118.2342547,34.098763,1576886603000;-118.2339985,34.0984503,1576886606000;-118.2337187,34.0981347,1576886610000;-118.2333694,34.0977128,1576886614000;-118.2328934,34.0979777,1576886623000;-118.2324917,34.0982127,1576886628000;-118.2301302,34.0996023,1576886639000;
-118.3477637,33.8360966,1576705030000;-118.3477728,33.8351943,1576705038000;-118.346932,33.8351849,1576705047000;-118.3460964,33.8351784,1576705054000;-118.3458128,33.8351745,1576705056000;-118.3450793,33.8351645,1576705062000;-118.3448918,33.8351667,1576705066000;-118.3448924,33.8356201,1576705073000;-118.3448936,33.8364333,1576705080000;-118.3449013,33.8369191,1576705084000;-118.344827,33.8374961,1576705089000;-118.3445997,33.8374281,1576705099000;-118.3438136,33.8372194,1576705104000;-118.3433217,33.8370888,1576705107000;-118.3431169,33.8370464,1576705108000;-118.343034,33.8370273,1576705108000;-118.34281849999999,33.8369719,1576705110000;-118.3423267,33.8368478,1576705113000;-118.3417843,33.8367105,1576705116000;-118.3412652,33.8365764,1576705119000;-118.34111970000001,33.8365389,1576705120000;-118.340046,33.8362522,1576705127000;-118.3394334,33.8362352,1576705132000;-118.3354154,33.8362917,1576705156000;-118.3346411,33.8362936,1576705160000;-118.3341274,33.836291,1576705165000;-118.3334283,33.8362936,1576705170000;-118.3327171,33.8362943,1576705174000;-118.3322695,33.8362933,1576705176000;-118.3318095,33.8363015,1576705181000;-118.3315601,33.836304,1576705182000;-118.3311192,33.8363083,1576705185000;-118.3306488,33.8363127,1576705188000;-118.3300824,33.8363031,1576705191000;-118.329865,33.8363086,1576705192000;-118.3297926,33.8363079,1576705193000;-118.329617,33.8363063,1576705194000;-118.3294142,33.836317,1576705195000;-118.3293635,33.8363197,1576705195000;-118.3287793,33.8363355,1576705199000;-118.3286239,33.8362732,1576705202000;-118.3286293,33.8364013,1576705210000;-118.3286362,33.8369004,1576705216000;-118.3286504,33.8378711,1576705223000;-118.3286569,33.8384564,1576705227000;-118.3286462,33.8393439,1576705233000;-118.3286639,33.8409644,1576705246000;-118.3286681,33.8416369,1576705251000;-118.3286755,33.842825,1576705260000;-118.3286812,33.843739,1576705266000;-118.3286919,33.8445147,1576705273000;-118.3287095,33.8457112,1576705282000;-118.3287141,33.84612,1576705285000;-118.3287207,33.8468223,1576705290000;-118.328719,33.8469569,1576705293000;-118.328729,33.8509118,1576705322000;-118.3287318,33.8525439,1576705334000;-118.3287376,33.8558637,1576705357000;-118.3287365,33.8564012,1576705361000;-118.3284212,33.8575227,1576705369000;-118.3278946,33.8583336,1576705376000;-118.3271954,33.8583293,1576705384000;-118.3270968,33.8583303,1576705385000;-118.3268272,33.85833,1576705386000;-118.3264113,33.8583341,1576705389000;-118.3242289,33.8583346,1576705401000;-118.3231883,33.8583349,1576705408000;-118.3203612,33.8583356,1576705426000;-118.3191339,33.8583376,1576705433000;-118.3178148,33.8583397,1576705441000;-118.3169251,33.8583526,1576705448000;-118.3168496,33.8583521,1576705449000;-118.3163486,33.8583589,1576705451000;-118.3160725,33.8583603,1576705453000;-118.3156808,33.8583607,1576705455000;-118.3155458,33.8583601,1576705456000;-118.3144226,33.8583555,1576705463000;-118.3133731,33.8583601,1576705471000;-118.3129595,33.8583602,1576705473000;-118.3125717,33.8583602,1576705476000;-118.3115731,33.8583733,1576705481000;-118.3114576,33.8583705,1576705484000;-118.3111413,33.8583739,1576705488000;-118.3106914,33.8583744,1576705491000;-118.3100078,33.8583708,1576705495000;-118.3092698,33.8583668,1576705499000;-118.3084061,33.8583539,1576705506000;-118.3073881,33.8583507,1576705512000;-118.3072905,33.8583504,1576705513000;-118.3064572,33.8583463,1576705517000;-118.3055928,33.8583407,1576705523000;-118.3053415,33.8583409,1576705524000;-118.3049619,33.858339,1576705526000;-118.304663,33.8583383,1576705528000;-118.3040676,33.8583369,1576705531000;-118.3038847,33.8583389,1576705533000;-118.3035298,33.8583429,1576705535000;-118.30347,33.8574516,1576705551000;-118.3034699,33.8574132,1576705551000;-118.3034692,33.8569654,1576705556000;-118.3034689,33.8567833,1576705557000;-118.302559,33.8567956,1576705575000;-118.302545,33.8566729,1576705582000;-118.3025384,33.8564762,1576705586000;-118.3025346,33.8562975,1576705590000;-118.3025349,33.856124,1576705593000;-118.3022385,33.8561259,1576705602000;-118.3006124,33.8561357,1576705619000;
-118.1882793,33.8182548,1576768718000;-118.188288,33.818915,1576768722000;-118.1885572,33.8189571,1576768724000;-118.1888611,33.818963,1576768726000;-118.1887881,33.8189616,1576768726000;-118.1892617,33.8189706,1576768729000;-118.189387,33.8189713,1576768731000;-118.1899423,33.8189836,1576768736000;-118.1900828,33.8189862,1576768737000;-118.1905342,33.8189876,1576768739000;-118.1914865,33.81967,1576768744000;-118.1921726,33.820093,1576768750000;-118.1926721,33.8202011,1576768752000;-118.1935801,33.8207003,1576768755000;-118.1943523,33.821095299999996,1576768758000;-118.1967429,33.8223172,1576768767000;-118.1976322,33.8227717,1576768770000;-118.1978911,33.8229058,1576768771000;-118.1997127,33.8238337,1576768778000;-118.2017942,33.8248921,1576768786000;-118.204041,33.8258378,1576768794000;-118.2046764,33.8260347,1576768796000;-118.2056982,33.8262804,1576768799000;-118.20629,33.8263891,1576768801000;-118.2069275,33.8264814,1576768803000;-118.2080458,33.8265808,1576768807000;-118.2175502,33.8253604,1576768838000;-118.2180099,33.8253611,1576768839000;-118.2183296,33.8253616,1576768840000;-118.2190651,33.825354,1576768842000;-118.2237563,33.8253674,1576768857000;-118.2242035,33.8253842,1576768859000;-118.2270844,33.8255494,1576768868000;-118.2275068,33.825574,1576768869000;-118.228128,33.825611,1576768871000;-118.230263,33.8257383,1576768878000;-118.2363452,33.825949800000004,1576768897000;-118.2368264,33.8259487,1576768899000;-118.2383768,33.8260969,1576768905000;-118.2389076,33.8261403,1576768907000;-118.2398163,33.8265653,1576768911000;-118.2411718,33.8269867,1576768916000;-118.2410282,33.8273881,1576768928000;-118.2409927,33.82749,1576768928000;-118.2408645,33.8278933,1576768932000;-118.2401391,33.8297837,1576768950000;-118.2399786,33.8301835,1576768954000;-118.2397806,33.8307795,1576768959000;-118.239702,33.8309741,1576768960000;-118.239417,33.8316803,1576768966000;-118.2393774,33.831788,1576768969000;-118.239213,33.8322394,1576768975000;-118.2391446,33.8324272,1576768977000;-118.2389662,33.8329167,1576768981000;-118.2386576,33.8337637,1576768988000;-118.2382641,33.8348121,1576768997000;-118.2379972,33.8354619,1576769003000;-118.2377297,33.8362051,1576769009000;-118.2375108,33.8368134,1576769014000;-118.2373671,33.8372126,1576769018000;-118.237299,33.8374017,1576769019000;-118.2370834,33.8379957,1576769025000;-118.236841,33.8386635,1576769030000;-118.2368194,33.838723,1576769031000;-118.236624,33.8392329,1576769035000;-118.2359209,33.8411527,1576769052000;-118.2357279,33.8416687,1576769056000;-118.2357106,33.841715,1576769056000;-118.235602,33.8420055,1576769059000;-118.2354295,33.8424743,1576769063000;-118.2350532,33.8434616,1576769071000;-118.234919,33.8438127,1576769074000;-118.2350567,33.8438509,1576769077000;-118.2357404,33.8420407,1576769090000;-118.2355307,33.8426106,1576769090000;
-118.3786783,34.1530478,1576251050000;-118.3789952,34.1530376,1576251054000;-118.3789958,34.1529743,1576251056000;-118.3789972,34.152689,1576251058000;-118.3789967,34.1522725,1576251061000;-118.3789972,34.1522037,1576251062000;-118.3789955,34.1519256,1576251064000;-118.3789974,34.1507,1576251072000;-118.3789963,34.150572,1576251073000;-118.3789959,34.1503821,1576251075000;-118.37932,34.1503821,1576251084000;-118.3792889,34.1503821,1576251084000;-118.379581,34.1503821,1576251086000;-118.3800856,34.1503821,1576251089000;-118.3811771,34.150382,1576251095000;-118.3822539,34.1503819,1576251102000;-118.3828705,34.1503819,1576251105000;-118.383362,34.1503819,1576251108000;-118.3844693,34.1503816,1576251115000;-118.3855861,34.1503819,1576251121000;-118.3866507,34.1503847,1576251128000;-118.3872574,34.1503827,1576251131000;-118.3873533,34.1503818,1576251132000;-118.387741,34.1503833,1576251134000;-118.3877396,34.1505784,1576251143000;-118.3877411,34.1508467,1576251145000;-118.3877401,34.15079,1576251145000;-118.3882882,34.1508443,1576251154000;-118.3882904,34.1509739,1576251162000;